Lat,Lon
40.8021,-73.9654
40.6462,-73.7769
40.7747,-73.9603
40.715,-74.0157
40.7335,-74.008
40.7329,-73.99
40.7272,-73.9887
40.6897,-73.9704
40.7396,-73.9891
40.7806,-73.9872
40.7555,-73.9762
40.7057,-74.0082
40.7171,-74.0094
40.7393,-74.0015
40.7395,-73.9852
40.7564,-73.9668
40.7197,-74.0472
40.7256,-74.0056
40.7566,-73.9974
40.7756,-73.9901
40.7596,-73.9871
40.7224,-74.0038
40.7747,-73.99
40.7463,-73.993
40.6191,-73.9328
40.8698,-73.8604
40.7598,-73.996
40.7602,-73.9773
40.7394,-74.0068
40.7558,-73.9834
40.7606,-73.9917
40.7766,-73.9555
40.7386,-73.9976
40.7637,-73.9751
40.7457,-73.9936
40.781,-73.9593
40.6006,-74.0757
40.7161,-73.9641
40.7398,-73.9911
40.7579,-73.9733
40.6897,-73.9723
40.7649,-73.9691
40.7817,-73.981
40.7646,-73.9808
40.7378,-73.9804
40.7343,-73.9917
40.7603,-73.9738
40.7639,-73.9962
40.661,-73.9604
40.7403,-73.9923
40.7219,-73.9865
40.7691,-73.9878
40.747,-73.9927
40.7407,-73.987
40.7172,-73.9597
40.7275,-74.0071
40.7684,-73.8676
40.7203,-74.0085
40.7417,-74.0036
40.7192,-74.0052
40.6432,-73.9753
40.7616,-73.9749
40.7393,-73.9974
40.7597,-73.9861
40.7326,-73.9935
40.7761,-73.9442
40.7513,-74.0067
40.7805,-73.952
40.7626,-73.9716
40.6822,-73.9892
40.772,-73.8859
40.7732,-73.8859
40.7272,-73.99
40.7733,-73.9591
40.7143,-73.9972
40.7534,-73.9809
40.6448,-73.7824
40.7594,-73.9955
40.7587,-73.9758
40.7623,-73.9959
40.7339,-73.9908
40.7403,-73.996
40.7311,-74.0083
40.7612,-73.9752
40.7565,-73.9781
40.7405,-73.9891
40.7555,-73.9929
40.7497,-73.9753
40.7965,-73.9722
40.7274,-74.0006
40.7125,-73.956
40.7306,-73.9826
40.7399,-73.9968
40.7188,-73.9896
40.756,-73.9703
40.7122,-74.0101
40.8716,-74.0621
40.7302,-73.9936
40.646,-73.7768
40.7553,-73.9745
40.7427,-73.9806
40.7126,-73.9351
40.722,-73.8723
40.7304,-74.0014
40.7591,-73.9815
40.7451,-73.9888
40.7587,-73.9895
40.7671,-73.9609
40.7525,-73.9733
40.7284,-73.9997
40.7388,-73.9942
40.7211,-74.0048
40.7304,-73.9901
40.6673,-73.9878
40.7652,-73.9639
40.7254,-74.0092
40.7583,-73.9815
40.7439,-74.0083
40.7656,-73.9809
40.7614,-73.9677
40.7263,-73.9837
40.705,-73.9336
40.7469,-73.9808
40.7237,-73.9518
40.7343,-74.0028
40.7466,-73.9919
40.7513,-73.9735
40.7421,-73.9984
40.7198,-73.9942
40.7735,-73.9539
40.752,-73.993
40.7603,-73.9744
40.7553,-73.9842
40.6464,-73.7904
40.7589,-73.9728
40.7627,-73.9755
40.7457,-73.9459
40.7836,-73.9793
40.7178,-73.9971
40.7565,-73.9761
40.7242,-73.8196
40.7867,-73.9775
40.7655,-73.9626
40.7442,-73.9922
40.7287,-74.0071
40.7666,-73.9861
40.7685,-73.987
40.7394,-74.008
40.7218,-74.0025
40.7439,-74.0064
40.7987,-73.9416
40.761,-73.9733
40.7333,-73.9889
40.6868,-73.9457
40.7318,-73.9969
40.7579,-73.9733
40.7535,-73.9889
40.7653,-73.9618
40.7627,-73.9653
40.7361,-74.006
40.7261,-73.9918
40.7549,-73.994
40.7272,-73.9789
40.695,-74.1781
40.7625,-73.9786
40.7215,-73.9999
40.749,-73.9738
40.7518,-73.9726
40.7327,-73.9982
40.7516,-73.9902
40.6898,-73.9929
40.6943,-73.908
40.7297,-73.9916
40.7839,-73.9761
40.7527,-73.9717
40.7682,-73.9893
40.7216,-74.0009
40.7498,-74.0051
40.7144,-74.0154
40.7599,-73.9773
40.7294,-74.001
40.7383,-74.0039
40.7019,-73.9897
40.7109,-74.0078
40.6997,-73.9806
40.7708,-73.8657
40.7529,-73.9678
40.7451,-73.9757
40.7591,-73.9825
40.7542,-73.9943
40.7622,-73.9715
40.7406,-74.0077
40.6673,-73.7944
40.7443,-73.9963
40.7602,-73.9746
40.738,-73.9889
40.7603,-73.9879
40.7246,-73.9935
40.6946,-73.991
40.7642,-73.9884
40.7463,-73.9565
40.7213,-73.9877
40.723,-73.9986
40.7579,-73.9889
40.7512,-73.9715
40.7785,-73.9454
40.7353,-74.0033
40.6773,-73.9627
40.7626,-73.9768
40.7112,-74.0064
40.7695,-73.9803
40.7521,-73.9854
40.6899,-73.9818
40.7063,-74.0168
40.7738,-73.9459
40.7546,-73.9844
40.7721,-73.9521
40.6692,-73.7994
40.7423,-74.0313
40.6425,-74.0151
40.7388,-73.981
40.7247,-73.9985
40.781,-73.9812
40.7777,-73.9749
40.7642,-73.9646
40.7188,-73.9534
40.7216,-73.9978
40.7366,-74.0065
40.737,-73.863
40.7287,-73.9994
40.6936,-73.9905
40.7416,-74.0069
40.7458,-73.988
40.7388,-73.9958
40.7434,-73.9941
40.7626,-73.9692
40.7931,-73.9769
40.7284,-73.9997
40.7767,-73.9526
40.7325,-73.9913
40.721,-73.9887
40.7502,-73.9852
40.6949,-73.953
40.7111,-74.0159
40.7516,-73.9939
40.7322,-74.0021
40.7266,-73.9774
40.7034,-74.0144
40.7249,-74.0059
40.774,-73.8719
40.7191,-73.9831
40.7192,-74.0038
40.7608,-73.9904
40.7547,-73.9752
40.711,-74.0057
40.7432,-74.0074
40.7384,-73.9874
40.7448,-73.9809
40.7108,-74.0093
40.7864,-73.9801
40.7229,-73.9914
40.7406,-74.0056
40.7712,-73.8663
40.7593,-73.9808
40.7622,-73.9824
40.7125,-74.0091
40.7629,-73.9601
40.7455,-73.9913
40.725,-73.9971
40.7436,-74.0006
40.7564,-73.9746
40.7224,-73.9862
40.8177,-73.8568
40.7514,-74.0031
40.7596,-73.9724
40.7424,-73.9857
40.7794,-73.962
40.8147,-73.9603
40.7219,-73.9997
40.7642,-73.9791
40.736,-73.9978
40.7126,-74.0098
40.7298,-73.9829
40.7532,-73.9802
40.85,-73.9319
40.7395,-73.9998
40.7675,-73.9575
40.7571,-73.972
40.7738,-73.9597
40.7439,-73.9837
40.8532,-73.9313
40.7645,-73.9775
40.7567,-73.9743
40.7605,-73.9758
40.6835,-73.9075
40.7212,-74.0013
40.784,-73.9543
40.7276,-74.0056
40.6449,-73.7822
40.7739,-73.872
40.7002,-73.9949
40.6448,-73.7825
40.6921,-73.9533
40.7401,-74.0074
40.756,-73.9908
40.7284,-74.0071
40.7191,-73.9925
40.6834,-73.9321
40.711,-73.9617
40.6874,-73.9935
40.7083,-74.0111
40.7305,-74.009
40.7515,-74.0065
40.7472,-73.9856
40.7188,-73.9907
40.7595,-73.9813
40.7838,-73.9704
40.7749,-73.9487
40.7386,-73.9926
40.71,-74.0091
40.6933,-73.9996
40.7446,-73.991
40.7201,-74.0085
40.7555,-73.971
40.7699,-73.8644
40.698,-73.9304
40.7202,-73.9551
40.7552,-73.9863
40.7646,-73.9718
40.8266,-73.9255
40.6895,-73.9515
40.709,-74.0138
40.7635,-73.9889
40.6751,-73.9611
40.6465,-73.7768
40.7234,-73.9912
40.7635,-73.9749
40.7601,-73.9751
40.755,-73.975
40.6732,-73.9287
40.7559,-74.2123
40.7351,-73.9937
40.7388,-73.9738
40.7783,-73.9582
40.7081,-74.0177
40.7489,-73.9729
40.721,-73.9789
40.7405,-73.9851
40.7585,-73.9751
40.7227,-73.9979
40.763,-73.9719
40.7579,-73.9659
40.7676,-73.9674
40.7617,-73.9703
40.7654,-73.9809
40.7401,-73.9793
40.7868,-73.9812
40.7785,-73.9887
40.7609,-73.9867
40.6484,-73.7831
40.7278,-74.0073
40.79,-73.9542
40.7656,-73.9835
40.7117,-73.9631
40.7342,-73.9899
40.7579,-73.9755
40.7253,-73.9487
40.7329,-73.9812
40.7483,-73.9846
40.7271,-74.0033
40.7189,-74.0065
40.7188,-74.0049
40.7552,-73.9827
40.7682,-73.9814
40.7654,-73.9721
40.7652,-73.9751
40.7523,-73.972
40.7327,-73.9982
40.7551,-73.9725
40.7336,-73.992
40.7397,-73.9989
40.7525,-73.9933
40.7385,-73.9899
40.7908,-73.9666
40.6911,-73.9972
40.7144,-73.998
40.7194,-73.9955
40.7173,-74.0061
40.7486,-73.9724
40.7408,-74.0049
40.7238,-73.9569
40.7376,-74.0082
40.7198,-74.0471
40.7264,-73.9918
40.7317,-73.9932
40.7331,-73.9753
40.7332,-73.99
40.7795,-73.988
40.7249,-73.9554
40.7195,-73.9604
40.745,-73.9952
40.7223,-74.0006
40.7267,-73.9797
40.7606,-73.9755
40.7144,-74.0101
40.7357,-73.9814
40.6814,-73.9653
40.7509,-73.9866
40.7343,-73.9958
40.7468,-73.9814
40.6404,-74.0008
40.7381,-74.0084
40.725,-73.9792
40.7756,-73.9505
40.724,-73.9972
40.7811,-73.9566
40.7461,-74.0053
40.7743,-73.9453
40.7773,-73.9821
40.7107,-74.0059
40.7416,-73.9388
40.7472,-73.9897
40.7482,-73.9765
40.672,-73.9807
40.7624,-73.9599
40.7802,-73.9832
40.7237,-74.0052
40.7698,-73.9504
40.7623,-73.9972
40.756,-73.9832
40.7162,-74.0161
40.7651,-73.977
40.7361,-74.0302
40.7606,-73.9824
40.7509,-73.9788
40.7467,-73.9726
40.7253,-73.9332
40.7298,-74.0103
40.7756,-73.9832
40.7448,-73.9952
40.734,-74.0082
40.7797,-73.9618
40.7361,-73.9852
40.7625,-73.972
40.7898,-73.976
40.8158,-73.9369
40.7344,-73.9898
40.688,-73.9698
40.6445,-73.7833
40.7529,-73.9674
40.7233,-73.9951
40.9438,-73.6957
40.7139,-74.0911
40.7492,-74.0311
40.7675,-73.8813
40.7399,-73.9764
40.738,-73.9892
40.7515,-73.974
40.7289,-73.9874
40.7545,-73.9688
40.7196,-73.9932
40.7251,-74.0015
40.7607,-73.9686
40.7112,-73.9634
40.726,-73.9836
40.7725,-73.9611
40.7579,-73.9816
40.7739,-73.8724
40.7207,-74.0017
40.7161,-73.9641
40.7348,-74.0035
40.7524,-73.9843
40.7041,-73.9848
40.7131,-73.9519
40.6772,-73.9804
40.7184,-73.9542
40.7741,-73.872
40.6458,-73.7768
40.6567,-73.9842
40.8057,-73.9662
40.746,-73.9941
40.6452,-73.7806
40.7501,-73.9845
40.7387,-74.2839
40.6699,-73.9857
40.7669,-73.9528
40.7583,-73.9709
40.747,-73.9908
40.7671,-73.9939
40.7557,-73.9767
40.7585,-73.9772
40.7916,-73.9725
40.7281,-74.0029
40.7513,-73.9941
40.6821,-73.9797
40.7523,-73.9684
40.7181,-74.0032
40.7449,-73.9783
40.7136,-74.016
40.7388,-73.9962
40.6449,-73.7824
40.723,-73.9958
40.7207,-74.0051
40.76,-73.9861
40.8046,-73.9479
40.7775,-73.9634
40.774,-73.9844
40.7885,-73.9742
40.7204,-73.9571
40.702,-73.9896
40.7265,-73.9993
40.7385,-73.9918
40.7244,-74.0017
40.7218,-73.9998
40.7591,-73.98
40.7631,-73.9654
40.7603,-73.9737
40.7571,-73.9761
40.7677,-73.9811
40.7628,-73.9676
40.7752,-73.9834
40.686,-73.9863
40.7804,-73.9598
40.7402,-73.9959
40.7639,-74.2455
40.7112,-73.9611
40.7354,-73.9897
40.714,-74.0088
40.7711,-73.8659
40.7193,-74.0063
40.6811,-73.8738
40.7199,-74.0074
40.7589,-73.9726
40.7676,-73.9807
40.7637,-73.9797
40.6731,-73.9286
40.7174,-74.0052
40.7187,-73.9948
40.7551,-73.9652
40.7328,-73.9815
40.7608,-73.9904
40.7647,-73.9719
40.7653,-73.9933
40.7603,-73.9758
40.7341,-74.0083
40.7144,-74.016
40.7505,-73.9699
40.7151,-73.9918
40.757,-73.9852
40.7118,-73.9924
40.7608,-73.9798
40.7599,-73.9782
40.774,-73.8727
40.7249,-73.9555
40.7911,-73.9791
40.7207,-74.0325
40.7833,-73.9821
40.7483,-73.9882
40.7961,-73.9497
40.7381,-73.991
40.7367,-74.0041
40.7256,-74.0042
40.7553,-73.9838
40.735,-73.988
40.7762,-73.9562
40.7246,-73.9936
40.7578,-73.975
40.7111,-73.9508
40.7643,-73.9707
40.7024,-73.9854
40.7355,-74.004
40.7317,-73.9913
40.6938,-73.9835
40.7452,-73.9924
40.6411,-73.9734
40.7642,-73.9709
40.6941,-73.9409
40.7492,-74.0394
40.7746,-73.9634
40.7136,-74.0117
40.774,-73.8725
40.8037,-73.9557
40.7079,-74.0034
40.765,-73.9727
40.7269,-74.003
40.7536,-73.9733
40.7563,-73.9788
40.7988,-73.9619
40.645,-73.7822
40.7653,-73.9793
40.764,-73.9787
40.7602,-73.9734
40.7731,-73.9546
40.7301,-74.0032
40.7404,-73.9889
40.7254,-73.9931
40.7195,-73.998
40.7803,-73.9462
40.7449,-73.974
40.6716,-73.9629
40.73,-73.9878
40.7594,-73.9772
40.7727,-73.9813
40.7682,-73.8622
40.7339,-73.9928
40.7179,-74.0032
40.6729,-73.9608
40.743,-73.9872
40.7077,-73.7952
40.7743,-73.9454
40.7786,-73.9471
40.6791,-73.9718
40.7324,-74.0031
40.7238,-74.0004
40.7582,-73.9734
40.7258,-73.9997
40.7322,-73.9941
40.7205,-73.9834
40.7562,-73.9711
40.7648,-73.9954
40.7167,-73.9618
40.7726,-73.9456
40.7747,-73.9578
40.7102,-73.9846
40.8127,-73.9435
40.7614,-73.9676
40.7674,-73.9829
40.7794,-73.9474
40.7257,-74.0076
40.7215,-73.9822
40.7554,-73.9755
40.723,-74.008
40.7568,-73.9828
40.7025,-73.9936
40.7243,-73.9831
40.7247,-73.982
40.7581,-73.9839
40.7118,-74.0079
40.7643,-73.9541
40.7935,-74.2373
40.6675,-73.9915
40.7339,-74.0043
40.7393,-74.0016
40.7275,-74.0072
40.7264,-73.9989
40.721,-74.0043
40.714,-73.991
40.7211,-73.9585
40.7288,-74.0053
40.7277,-73.9952
40.6322,-73.9528
40.7557,-73.9752
40.7513,-73.9935
40.7391,-74.0064
40.7639,-73.9585
40.7604,-73.9796
40.7518,-73.9758
40.716,-74.0119
40.7559,-73.9708
40.7565,-73.9817
40.731,-73.9913
40.7551,-73.9881
40.7575,-73.9753
40.8568,-73.9172
40.727,-73.9837
40.7797,-73.9803
40.7543,-73.9944
40.7468,-73.9887
40.721,-73.9948
40.7172,-73.9935
40.7206,-73.9563
40.7312,-74.0068
40.739,-73.9851
40.7276,-74.0345
40.7405,-73.9892
40.7863,-73.9402
40.7331,-73.9873
40.7144,-73.9593
40.7552,-73.9871
40.7454,-74.0021
40.7524,-73.9796
40.7717,-73.9848
40.7454,-73.9908
40.7172,-74.0066
40.7247,-74.0022
40.7377,-73.9918
40.7498,-74.005
40.6568,-73.5791
40.7914,-73.9738
40.7047,-74.0118
40.7341,-73.9778
40.7822,-73.9599
40.6854,-73.9849
40.6923,-73.9366
40.7527,-73.9931
40.7319,-74.0093
40.7529,-73.9893
40.7861,-73.9772
40.7596,-73.9753
40.6401,-73.9991
40.6879,-74.181
40.754,-73.9915
40.7528,-73.9813
40.7323,-73.9914
40.7229,-74.008
40.6195,-73.928
40.6141,-74.1215
40.7227,-74.0079
40.7668,-73.9535
40.7551,-73.9254
40.7202,-73.9845
40.7578,-73.9736
40.6483,-73.7825
40.7742,-73.9777
40.7203,-73.9969
40.7564,-73.9763
40.7087,-73.9218
40.7522,-73.9934
40.6202,-74.1565
40.7433,-73.9975
40.7407,-74.0076
40.7746,-73.9821
40.7853,-73.9823
40.7092,-74.002
40.7436,-73.9997
40.7849,-73.9821
40.6803,-73.9646
40.7433,-73.9841
40.7555,-73.9835
40.74,-74.0073
40.7636,-73.9814
40.7576,-73.9865
40.7578,-73.9857
40.6694,-73.947
40.7616,-73.9829
40.729,-73.9849
40.7644,-73.9657
40.7383,-73.9951
40.7639,-73.9825
40.7395,-74.0018
40.7169,-73.9652
40.7036,-73.9331
40.722,-74.0022
40.682,-73.9615
40.7093,-74.0019
40.7637,-73.9818
40.7592,-73.9711
40.7581,-73.9627
40.7458,-73.9943
40.7209,-73.9948
40.7681,-73.9587
40.7717,-73.9613
40.7424,-73.9839
40.7444,-73.9812
40.7663,-73.9681
40.7114,-73.9674
40.7182,-73.9552
40.7401,-73.9974
40.7449,-73.9997
40.7328,-73.9993
40.728,-74.0072
40.6963,-73.9971
40.6951,-74.1773
40.7488,-74.0078
40.7185,-73.9949
40.7502,-73.9913
40.7437,-73.983
40.741,-73.9879
40.7512,-73.9935
40.7363,-74.0013
40.756,-73.9847
40.726,-74.0081
40.7575,-73.9895
40.7415,-73.9875
40.6882,-73.9881
40.7593,-73.9751
40.7239,-73.9801
40.7396,-73.9942
40.7293,-73.9812
40.7246,-74.0012
40.7753,-73.928
40.6847,-73.9777
40.7223,-74.008
40.7766,-73.9607
40.756,-73.9889
40.7303,-73.9798
40.7359,-74.0296
40.7576,-73.9903
40.7059,-74.0087
40.7779,-73.9758
40.6873,-73.9775
40.6613,-74.1717
40.7448,-73.9916
40.724,-73.9923
40.7614,-73.9782
40.7248,-73.9396
40.7353,-73.9898
40.7293,-74.0036
40.7119,-73.9996
40.6805,-74.0011
40.7058,-74.0053
40.7357,-73.9939
40.739,-73.9986
40.7061,-74.0078
40.7093,-74.0166
40.823,-73.9464
40.7805,-73.9796
40.7602,-73.9714
40.7395,-74.0071
40.7772,-73.9891
40.7377,-73.9898
40.7507,-73.9685
40.7574,-73.9746
40.7558,-73.9761
40.709,-74.0089
40.681,-73.6733
40.7472,-73.9897
40.7608,-73.9684
40.7127,-74.0096
40.7482,-73.996
40.7138,-73.9618
40.7459,-73.9822
40.7515,-73.9939
40.72,-73.9876
40.7211,-73.9871
40.748,-74.0027
40.6816,-73.9585
40.7484,-73.9782
40.7479,-73.9853
40.7428,-73.9946
40.741,-73.9924
40.7103,-74.0115
40.7704,-73.988
40.6457,-73.7768
40.7419,-73.9935
40.749,-74.0069
40.7838,-73.9521
40.7254,-74.0041
40.6956,-74.1791
40.7557,-73.9921
40.7803,-73.9803
40.7297,-73.9996
40.7538,-73.9886
40.7552,-73.9826
40.6932,-73.9887
40.7348,-73.993
40.7248,-73.9783
40.8021,-73.9616
40.7347,-74.0092
40.7203,-73.9551
40.7604,-73.98
40.7388,-74.0055
40.7625,-73.9945
40.7433,-73.9819
40.6483,-73.7827
40.7666,-73.9824
40.7246,-73.9986
40.7554,-73.9859
40.7057,-74.0086
40.7458,-74.0073
40.7705,-73.865
40.7553,-73.9758
40.724,-73.9489
40.7408,-74.0075
40.7822,-73.9758
40.6948,-74.1773
40.7591,-73.9765
40.7306,-74.0068
40.6232,-74.0331
40.7426,-73.9922
40.7305,-74.0043
40.7717,-73.9894
40.7283,-74.0072
40.7626,-73.9698
40.7647,-73.9721
40.7325,-73.9992
40.7324,-74.0076
40.7581,-73.9646
40.6885,-73.9679
40.7597,-73.9897
40.7231,-74.0062
40.7258,-73.9946
40.7248,-73.9768
40.8297,-73.9479
40.7233,-74.0051
40.7045,-74.0079
40.7641,-73.9763
40.7448,-74.0025
40.7704,-73.9621
40.7702,-73.9687
40.687,-73.9945
40.7296,-73.9916
40.7636,-73.9682
40.6956,-73.9918
40.7665,-73.9843
40.7955,-74.4808
40.7226,-74.0081
40.7228,-74.005
40.7628,-73.9829
40.7516,-73.9865
40.756,-73.9742
40.7294,-73.9918
40.739,-74.0333
40.7277,-73.98
40.741,-74.0074
40.7303,-73.9529
40.7372,-73.9868
40.7253,-73.9841
40.7809,-73.9589
40.683,-73.9617
40.7352,-74.0057
40.7426,-74.0041
40.7293,-73.9871
40.7205,-73.9872
40.6691,-73.9516
40.7211,-74.0016
40.7219,-73.9874
41.0683,-73.7035
40.7317,-73.9993
40.7772,-73.9619
40.7203,-73.9962
40.6448,-73.7821
40.7699,-73.9926
40.7557,-73.9947
40.7652,-73.9701
40.7079,-74.0129
40.7484,-73.9426
40.7569,-73.9828
40.7602,-73.9808
40.7358,-74.0059
40.7563,-73.973
40.7048,-74.0121
40.7347,-74.0045
40.7088,-74.0112
40.7444,-73.9982
40.7271,-74.0073
40.7252,-73.9923
40.617,-73.9666
40.7711,-73.9615
40.7234,-73.9938
40.7424,-73.9932
40.7633,-73.9717
40.7365,-74.0062
40.7479,-73.988
40.7256,-74.0055
40.7733,-73.8706
40.7273,-73.9937
40.7636,-73.9637
40.7707,-73.9662
40.7694,-73.9559
40.742,-73.9964
40.7218,-73.958
40.7442,-73.9745
40.7396,-73.9927
40.7047,-74.0144
40.7231,-73.9432
40.7754,-73.9649
40.7882,-73.9534
40.7501,-73.9831
40.7597,-73.9877
40.6889,-73.9859
40.7663,-73.9604
40.7278,-74.0032
40.7295,-74.0022
40.7739,-73.8717
40.7598,-73.9001
40.7557,-73.973
40.7867,-73.9721
40.772,-73.9819
40.7437,-73.9832
40.7367,-73.9907
40.7367,-73.9867
40.7378,-73.9919
40.759,-73.9728
40.7331,-73.9811
40.7269,-73.9804
40.6945,-73.9932
40.7448,-73.9887
40.7511,-73.9849
40.7341,-73.9933
40.7177,-73.9558
40.7511,-73.9826
40.7217,-74.0043
40.6638,-73.9857
40.7528,-73.9775
40.682,-73.9224
40.7653,-73.9875
40.7264,-73.996
40.722,-74.004
40.7385,-73.9855
40.7452,-73.9949
40.7402,-73.9886
40.7165,-74.0065
40.779,-73.9559
40.7165,-74.0098
40.771,-73.8659
40.759,-73.9725
40.7376,-74.0088
40.7275,-74.0006
40.721,-74.0042
40.7636,-73.9791
40.7928,-73.9193
40.8036,-73.9649
40.7405,-74.0002
40.684,-73.9793
40.7347,-73.9845
40.7582,-73.9897
40.7432,-73.9932
40.7465,-73.9818
40.7562,-73.9726
40.7562,-73.9678
40.753,-73.9893
40.6511,-73.9274
40.7197,-73.9869
40.7253,-73.9951
40.7404,-73.9946
40.6467,-73.7896
40.7719,-73.9519
40.7171,-74.0091
40.7145,-73.9444
40.7582,-73.9762
40.788,-73.9711
40.775,-73.9821
40.7396,-73.983
40.6463,-73.777
40.7559,-73.9679
40.7481,-74.0051
40.7739,-73.8726
40.7208,-73.9977
40.7438,-74.0026
40.7708,-73.8657
40.7189,-73.9847
40.6951,-74.1782
40.7628,-73.9783
40.7318,-73.9935
40.7224,-73.9548
40.7429,-74.0078
40.7588,-73.977
40.782,-73.9462
40.7742,-73.981
40.7697,-73.9841
40.7267,-73.9794
40.7748,-73.9585
40.7564,-73.9724
40.605,-73.9595
40.7753,-73.9836
40.7417,-73.9852
40.7057,-73.9335
40.7674,-73.9837
40.808,-73.9638
40.7227,-73.9983
40.7442,-74.0068
40.7202,-74.0024
40.7257,-74.0054
40.7667,-73.9512
40.7189,-73.9564
40.7588,-73.9788
40.7386,-73.974
40.7382,-73.9999
40.7261,-73.9918
40.7192,-73.9924
40.7492,-73.994
40.7505,-73.9737
40.6452,-73.9661
40.7255,-73.9971
40.7312,-73.9592
40.7372,-73.987
40.7617,-73.979
40.7427,-73.9968
40.7353,-74.0033
40.6421,-73.9772
40.7091,-74.0153
40.6878,-73.9151
40.6678,-73.9764
40.7553,-73.987
40.7356,-73.9982
40.7235,-73.9809
40.7558,-73.9844
40.7597,-73.9855
40.7206,-73.995
40.7189,-74.0088
40.7215,-74.0048
40.7348,-74.0444
40.7589,-73.9769
40.7609,-73.9753
40.7508,-74.0017
40.7146,-73.9973
40.7127,-73.9659
40.6817,-73.9899
40.7239,-73.9926
40.7184,-73.9979
40.6483,-73.7827
40.648,-73.9096
40.7314,-73.9856
40.6945,-73.9308
40.7566,-73.9747
40.7198,-73.9985
40.7302,-73.9911
40.7081,-73.9523
40.7416,-73.9937
40.6752,-73.989
40.7453,-74.0078
40.7985,-73.9692
40.7613,-73.9667
40.7213,-73.9989
40.7345,-73.986
40.7378,-73.9827
40.7217,-73.9977
40.7596,-73.9743
40.7227,-73.9981
40.7528,-73.9715
40.7407,-74.0045
40.7509,-73.9706
40.6979,-73.9708
40.7566,-73.977
40.7645,-73.9716
40.715,-74.0112
40.7269,-73.9798
40.7581,-73.9826
40.692,-73.9607
40.7297,-73.9997
40.7629,-73.9894
40.749,-74.0029
40.6931,-73.8285
40.7608,-73.9963
40.7783,-73.9555
40.777,-73.9477
40.799,-73.9706
40.7445,-74.0062
40.7619,-73.9735
40.7294,-74.0034
40.7584,-73.9837
40.7804,-73.9573
40.805,-73.9091
40.7678,-73.9915
40.7588,-73.9856
40.7757,-73.9897
40.7079,-74.0085
40.705,-73.9335
40.7469,-73.9901
40.7548,-73.9869
40.7669,-73.9565
40.7099,-74.0071
40.7869,-73.9556
40.7174,-73.9631
40.7687,-73.8631
40.7199,-74.0071
40.7492,-73.9942
40.7609,-73.9797
40.7137,-73.9516
40.7263,-74.0057
40.7267,-74.0073
40.7499,-73.9751
40.7262,-73.9784
40.7648,-73.9706
40.7117,-74.0083
40.6949,-74.1781
40.7263,-74.009
40.7524,-74.0043
40.7614,-73.9999
40.7407,-73.986
40.7282,-73.993
40.6853,-73.9807
40.7412,-74.0019
40.7666,-73.9689
40.7619,-73.9729
40.7677,-73.9808
40.7635,-73.9869
40.7078,-74.0126
40.7549,-73.994
40.7381,-73.9909
40.6938,-73.9402
40.7621,-73.9726
40.7263,-74.0019
40.8048,-73.9643
40.7368,-74.0043
40.7786,-73.9535
40.7645,-73.9775
40.7388,-74.0062
40.7581,-73.9856
40.7479,-73.9873
40.7677,-73.981
40.7268,-73.9998
40.7063,-74.009
40.7617,-73.9944
40.9424,-73.8327
40.7631,-73.9767
40.7467,-73.9818
40.7731,-73.8855
40.6462,-73.7769
40.7492,-73.9942
40.8497,-73.8854
40.7646,-73.9839
40.7493,-73.9829
40.7572,-73.9824
40.7809,-73.9727
40.6595,-73.9846
40.7068,-73.9588
40.6979,-73.9711
40.719,-74.0034
40.74,-74.006
40.7283,-73.9993
40.7567,-73.9825
40.7407,-73.9916
40.7142,-74.015
40.7387,-74.0088
40.7656,-73.9827
40.8086,-73.945
40.7467,-73.9901
40.697,-73.9647
40.753,-73.9837
40.7454,-73.9863
40.764,-73.9762
40.7881,-73.9681
40.7536,-73.999
40.7558,-73.9872
40.739,-73.9875
40.77,-73.9552
40.7055,-73.9256
40.7396,-74.0063
40.7197,-74.0107
40.6727,-74.001
40.7734,-73.9492
40.7366,-73.9953
40.7942,-73.9748
40.7659,-73.9595
40.6916,-73.9844
40.7317,-73.9992
40.7611,-73.9749
40.7557,-73.9763
40.7356,-74.0029
40.7661,-73.9768
40.7765,-73.9894
40.6463,-73.79
40.7604,-73.9878
40.7249,-73.9824
40.7219,-74.0
40.7626,-73.9833
40.7288,-73.9764
40.7431,-73.9815
40.7583,-73.9838
40.7832,-73.9592
40.7265,-73.9832
40.719,-74.0014
40.7764,-73.9443
40.77,-73.9842
40.758,-73.9652
40.7539,-73.9818
40.718,-73.9975
40.7165,-74.0087
40.7637,-73.975
40.7119,-74.2091
40.7636,-73.9796
40.756,-73.9726
40.7729,-73.9602
40.7046,-74.0105
40.6896,-73.9725
40.7291,-73.9924
40.7294,-73.9859
40.7443,-73.9876
40.8678,-73.9003
40.6935,-73.9663
40.6949,-74.1782
40.6861,-73.9708
40.7246,-73.9985
40.72,-74.0101
40.7283,-73.9988
40.7546,-73.9843
40.7517,-73.9938
40.76,-73.9742
40.7323,-73.9901
40.7457,-74.007
40.7524,-73.9953
40.7597,-73.9684
40.7245,-73.9874
40.7231,-73.9891
40.7272,-73.9917
40.7587,-73.9874
40.7108,-73.962
40.7078,-74.0099
40.7286,-73.9858
40.7741,-73.9828
40.7867,-73.9756
40.7098,-73.9478
40.7494,-73.9919
40.6536,-73.9353
40.74,-74.005
40.7537,-73.9886
40.7281,-73.9905
40.7948,-73.9726
40.7421,-74.004
40.7455,-74.0085
40.7368,-73.988
40.7209,-74.0007
40.7326,-74.0097
40.7187,-74.0049
40.7506,-73.9983
40.64,-73.9822
40.7689,-73.9542
40.672,-73.9237
40.7224,-74.0037
40.7393,-74.0014
40.7246,-73.9876
40.7379,-73.9808
40.7861,-73.9772
40.7386,-73.9975
40.7492,-73.984
40.7403,-73.9997
40.7748,-73.9626
40.7141,-73.9556
40.6854,-73.9642
40.7201,-74.0097
40.7219,-73.9873
40.7406,-74.0065
40.7226,-73.9978
40.7583,-73.9708
40.7718,-73.989
40.7374,-73.999
40.7642,-73.9543
40.7214,-73.9885
40.7549,-73.9865
40.7793,-73.9446
40.7295,-73.9803
40.764,-73.994
40.724,-74.0034
40.7161,-74.0121
40.7568,-73.977
40.7474,-73.982
40.7663,-73.9795
40.724,-73.9972
40.7685,-73.8625
40.727,-73.9839
40.7602,-73.9778
40.8222,-73.952
40.7333,-74.003
40.7207,-74.01
40.782,-73.9812
40.7201,-73.9943
40.727,-73.9915
40.7594,-73.9723
40.7678,-73.9852
40.7714,-73.9646
40.7748,-73.9564
40.7028,-73.9907
40.7603,-73.9716
40.7259,-73.9981
40.7204,-73.9951
40.7655,-73.982
40.7344,-73.9938
40.7437,-73.9851
40.7453,-73.9769
40.7628,-73.972
40.7195,-73.9895
40.7268,-73.9999
40.7105,-73.9638
40.7528,-73.9671
40.7361,-73.994
40.7362,-73.9976
40.7839,-73.9543
40.7544,-73.9796
40.7348,-73.9968
40.8288,-73.9293
40.7262,-73.9894
40.7438,-74.0062
40.7614,-73.9977
40.6049,-73.9913
40.7354,-74.004
40.6083,-73.9074
40.7061,-74.006
40.718,-74.0125
40.7266,-73.9995
40.7649,-73.9784
40.7222,-73.9498
40.7494,-73.9915
40.756,-73.9905
40.7219,-74.0041
40.7304,-74.0046
40.7637,-73.9636
40.724,-73.9882
40.7196,-73.9995
40.7336,-73.9562
40.7505,-73.9868
40.7658,-73.9808
40.7114,-73.9512
40.7073,-74.0059
40.6467,-73.7894
40.764,-73.9794
40.75,-73.9813
40.7146,-73.997
40.7042,-73.9866
40.7261,-73.9962
40.7604,-73.9987
40.7114,-73.9456
40.7257,-74.0065
40.7351,-73.9975
40.7242,-73.9819
40.7562,-73.9905
40.7607,-73.9899
40.731,-73.9897
40.7354,-74.005
40.7598,-73.9788
40.7458,-73.9936
40.7489,-73.9877
40.6955,-73.9673
40.7744,-73.9456
40.7617,-73.9728
40.7637,-73.9737
40.7429,-74.0077
40.7224,-73.9976
40.7139,-73.9578
40.7207,-74.0009
40.7341,-73.8711
40.7719,-73.9816
40.7313,-73.9939
40.7558,-73.9748
40.768,-73.9859
40.731,-73.9914
40.7253,-73.9921
40.7667,-73.9827
40.7173,-74.0049
40.7643,-73.9732
40.7176,-73.9914
40.7592,-73.9704
40.77,-73.9842
40.7258,-73.9921
40.8067,-73.9606
40.7544,-73.9891
40.7866,-73.9685
40.7063,-74.0096
40.6448,-73.7826
40.6836,-73.9899
40.7291,-73.9932
40.713,-73.9973
40.7721,-73.95
40.7908,-73.9536
40.6971,-73.9686
40.7707,-73.9642
40.7403,-73.9909
40.8143,-73.9405
40.7179,-73.9896
40.7195,-74.0027
40.7563,-73.9751
40.7416,-73.9913
40.7265,-73.9847
40.7659,-73.9945
40.779,-73.9868
40.7249,-73.9881
40.7646,-73.9799
40.7542,-73.9902
40.6976,-73.931
40.7149,-73.9387
40.7599,-73.9776
40.7413,-74.006
40.7679,-73.914
40.6466,-73.7895
40.7331,-73.9864
40.7712,-73.9646
40.683,-74.0036
40.7654,-73.9789
40.7509,-73.9867
40.743,-73.9953
40.7741,-73.8727
40.6877,-74.1819
40.7192,-73.9888
40.7643,-73.9653
40.7546,-73.999
40.7937,-73.9674
40.7473,-74.0014
40.7554,-73.9856
40.7163,-73.952
40.7021,-74.013
40.7789,-73.9777
40.6883,-73.988
40.7415,-74.0046
40.772,-73.9621
40.7497,-74.0024
40.7385,-73.9918
40.7293,-73.9894
40.7625,-73.9711
40.7821,-73.9596
40.6851,-73.91
40.7331,-73.9998
40.7433,-73.9937
40.757,-73.9813
40.7071,-74.0046
40.7462,-73.9946
40.6874,-73.99
40.7688,-73.9697
40.7249,-73.9809
40.7414,-74.0027
40.6879,-73.9698
40.7159,-74.0152
40.7378,-73.9923
40.7759,-73.959
40.7578,-73.9895
40.7204,-73.9939
40.7249,-74.0078
40.7209,-73.9955
40.7325,-73.9901
40.7176,-74.0127
40.7589,-73.9839
40.7197,-74.0069
40.7545,-73.9656
40.7519,-73.979
40.7488,-74.0007
40.6732,-73.9287
40.7784,-73.9584
40.7499,-73.9914
40.77,-73.8644
40.7587,-73.9727
40.7581,-73.9753
40.7355,-73.9864
40.7211,-74.0103
40.7357,-74.0071
40.7021,-73.9897
40.7758,-73.9802
40.6449,-73.7821
40.7556,-73.9818
40.7258,-74.0057
40.7349,-73.986
40.7505,-74.0057
40.7396,-73.9875
40.7564,-73.9736
40.7145,-74.01
40.724,-74.0043
40.7388,-73.9995
40.7481,-73.9712
40.715,-74.0132
40.744,-73.9837
40.7109,-74.0061
40.7409,-73.9927
40.7719,-73.9616
40.7443,-73.9877
40.7414,-73.9857
40.7205,-74.01
40.7112,-73.9653
40.7648,-73.9899
40.7524,-73.9823
40.7711,-73.8662
40.7448,-73.9838
40.7699,-73.8644
40.7482,-74.0074
40.7674,-73.8913
40.7588,-73.982
40.7521,-73.9798
40.7805,-73.9602
40.7438,-74.0034
40.7634,-73.9829
40.7117,-74.0083
40.7167,-74.0148
40.7515,-73.9771
40.7844,-73.9553
40.6921,-73.9534
40.7334,-74.0011
40.7591,-73.9885
40.7548,-73.9847
40.7506,-73.976
40.7289,-73.9923
40.6884,-73.9846
40.7414,-73.9853
40.7802,-73.9593
40.7148,-74.0024
40.7814,-73.9723
40.6948,-74.178
40.7212,-73.9895
40.7626,-73.9907
40.7452,-73.9862
40.7693,-73.9827
40.7856,-73.9554
40.7122,-74.0081
40.7402,-73.9895
40.7629,-73.972
40.6754,-73.9748
40.7361,-74.0301
40.7251,-74.0076
40.7337,-73.9879
40.7991,-73.9593
40.7226,-74.0077
40.7085,-74.007
40.7568,-73.9856
40.7244,-74.0045
40.6597,-73.988
40.7653,-73.9181
40.8721,-73.9164
40.7186,-73.9853
40.7268,-74.047
40.7368,-74.0001
40.7176,-73.9911
40.7653,-73.9754
40.7407,-73.995
40.7601,-73.9739
40.7295,-73.9983
40.7308,-74.001
40.759,-73.9882
40.746,-73.9819
40.7631,-73.9735
40.7399,-73.9985
40.7076,-74.0042
40.7632,-73.9687
40.7531,-73.9871
40.7225,-73.9871
40.7644,-73.9708
40.7421,-73.9893
40.7401,-74.006
40.723,-73.9968
40.7616,-73.9842
40.7228,-74.0034
40.7207,-74.0097
40.7869,-73.9757
40.6955,-73.9965
40.7781,-73.9604
40.7265,-74.0012
40.7216,-74.0764
40.7735,-73.9196
40.7695,-73.9957
40.7225,-74.0014
40.7728,-73.9615
40.7156,-73.9897
40.7741,-73.872
40.7531,-73.9697
40.7401,-73.992
40.722,-73.9873
40.7464,-73.9912
40.7629,-73.9655
40.788,-73.9737
40.7413,-73.9961
40.7623,-73.9762
40.7507,-74.0034
40.7396,-73.9952
40.7383,-73.974
40.7575,-73.9758
40.787,-73.9778
40.7554,-74.0316
40.7543,-73.9994
40.744,-73.9836
40.7227,-74.0047
40.7511,-74.0043
40.7511,-73.9968
40.7201,-73.9993
40.7484,-73.9394
40.7379,-74.009
40.7534,-73.9733
40.7605,-73.9757
40.6796,-73.9743
40.7548,-73.999
40.6924,-73.9686
40.7621,-73.9746
40.7539,-73.9807
40.741,-74.0077
40.7323,-73.9963
40.7224,-73.9983
40.7248,-73.9985
40.7472,-73.9564
40.7699,-73.9175
40.6922,-73.963
40.7225,-74.0035
40.7531,-74.0254
40.7459,-73.9882
40.727,-74.0638
40.7258,-74.0072
40.7179,-74.0106
40.7085,-73.999
40.743,-73.989
40.7696,-73.9846
40.7772,-73.9595
40.6837,-73.9269
40.7578,-73.9758
40.7545,-73.9955
40.7653,-73.9618
40.7652,-73.9636
40.7279,-74.0054
40.7428,-73.9849
40.7205,-74.0052
40.7191,-73.9999
40.7353,-74.01
40.7835,-73.9513
40.7231,-73.994
40.7209,-73.9841
40.77,-73.9591
40.7511,-73.9739
40.7526,-73.971
40.7471,-73.9912
40.7751,-73.9492
40.7569,-73.9757
40.733,-73.9862
40.6731,-73.9541
40.7338,-74.0045
40.7616,-73.9749
40.7715,-73.6808
40.7662,-73.964
40.6796,-73.9344
40.7309,-73.9954
40.7307,-73.9911
40.712,-74.01
40.7574,-73.9979
40.7771,-73.9891
40.6466,-73.7896
40.7601,-73.9596
40.8044,-73.9475
40.765,-73.9614
40.7274,-73.9793
40.7299,-74.0039
40.7257,-73.9976
40.6149,-73.9524
40.7591,-73.9824
40.7615,-73.9791
40.7785,-73.9774
40.7638,-73.9775
40.728,-73.993
40.7314,-74.0022
40.7379,-74.0064
40.7054,-74.0092
40.75,-74.0053
40.7594,-73.9755
40.6878,-74.182
40.6907,-73.9965
40.6539,-73.9645
40.7786,-73.9562
40.767,-73.9832
40.7275,-73.9936
40.7405,-74.0057
40.7402,-73.994
40.8102,-73.9454
40.7538,-73.9722
40.7536,-73.981
40.728,-73.959
40.7565,-73.9786
40.7716,-73.9563
40.7355,-73.9923
40.645,-73.7818
40.7445,-73.9562
40.754,-73.9862
40.7383,-74.0085
40.7751,-73.9833
40.7461,-73.983
40.7166,-74.0144
40.7267,-74.1604
40.7456,-74.0055
40.7222,-73.9839
40.7234,-73.9996
40.7135,-73.9894
40.7579,-73.9713
40.6906,-73.9955
40.7457,-73.9932
40.6348,-73.9617
40.7348,-74.0085
40.7591,-73.9863
40.7647,-73.988
40.733,-73.9958
40.7256,-73.9975
40.7061,-74.0131
40.7643,-73.9751
40.7731,-73.8855
40.7626,-73.9652
40.7608,-73.9861
40.745,-73.995
40.7487,-74.0382
40.7356,-74.0084
40.7138,-74.0147
40.7666,-73.9785
40.7693,-73.8997
40.7687,-73.9541
40.7546,-73.9894
40.7384,-73.9891
40.7222,-73.9995
40.7157,-73.9604
40.7171,-73.9521
40.7273,-73.9845
40.7147,-73.9912
40.6953,-74.1791
40.7582,-73.9889
40.7477,-73.983
40.7358,-74.006
40.6417,-73.7888
40.7302,-74.0067
40.7457,-73.9722
40.7376,-74.0088
40.7506,-73.9857
40.7608,-73.9682
40.7468,-73.9834
40.7703,-73.9877
40.7168,-74.0123
40.8109,-73.9608
40.7135,-73.7881
40.6858,-73.9884
40.7263,-74.0025
40.7153,-73.9134
40.7481,-73.977
40.6724,-73.9066
40.7517,-73.9931
40.7184,-73.9492
40.7572,-73.9741
40.7401,-73.9953
40.7205,-73.9918
40.7291,-73.9921
40.7481,-73.9928
40.7523,-73.9675
40.7663,-73.9457
40.742,-74.0038
40.7543,-73.7072
40.7534,-73.9783
40.7667,-73.9677
40.7362,-74.0003
40.7603,-73.9712
40.7451,-73.9786
40.764,-73.9704
40.78,-73.9843
40.7515,-73.9803
40.7587,-73.9676
40.6947,-74.1816
40.7545,-74.0296
40.7587,-73.9911
40.7648,-73.9768
40.7241,-74.0001
40.6661,-73.9644
40.752,-73.9951
40.7646,-73.9704
40.7711,-73.9875
40.7216,-73.9992
40.7254,-73.9841
40.7525,-73.9681
40.7236,-73.8465
40.7229,-74.0047
40.7403,-74.006
40.7113,-73.9596
40.7322,-74.0077
40.7168,-74.0146
40.7358,-74.0007
40.7239,-73.997
40.7428,-73.9946
40.7403,-73.9925
40.7054,-73.9446
40.7196,-73.9972
40.7707,-73.8656
40.7686,-73.8626
40.7406,-74.0056
40.7252,-73.9842
40.7501,-73.9834
40.7639,-73.9882
40.763,-73.9842
40.764,-73.9789
40.7745,-73.9838
40.8045,-73.9476
40.6352,-74.0832
40.7221,-73.9587
40.7259,-74.004
40.6287,-73.9231
40.7838,-73.9802
40.8256,-73.9269
40.774,-73.8729
40.7172,-74.0019
40.7197,-73.9789
40.7745,-73.9846
40.7492,-73.9806
40.7075,-73.9493
40.7292,-74.0053
40.773,-73.8855
40.7356,-74.0017
40.7511,-74.0042
40.7305,-73.9985
40.7302,-73.9935
40.7561,-73.998
40.7666,-73.9784
40.7693,-73.9847
40.7389,-73.9928
40.6726,-73.9522
40.7094,-74.011
40.7659,-73.9692
40.7863,-73.9776
40.7524,-73.9827
40.7833,-73.9828
40.7488,-73.9875
40.7172,-74.0062
40.7175,-74.0002
40.8996,-73.9011
40.7488,-73.9738
40.7826,-73.9589
40.722,-73.9888
40.6747,-74.016
40.7667,-73.9789
40.6862,-73.9993
40.7353,-74.0049
40.7273,-73.9953
40.7424,-73.9928
40.7513,-73.9759
40.7284,-74.0071
40.7602,-73.9724
40.7753,-73.9905
40.759,-73.9764
40.7287,-73.9558
40.6163,-73.9522
40.7556,-73.9709
40.7926,-73.9645
40.7342,-73.9988
40.7891,-73.9666
40.724,-73.9902
40.7563,-73.9745
40.764,-73.9717
40.7584,-73.9727
40.7605,-73.9621
40.7718,-73.989
40.6462,-73.7769
40.7717,-73.9888
40.7569,-73.9753
40.7768,-73.9618
40.756,-74.0023
40.7245,-73.9785
40.763,-73.972
40.745,-74.005
40.7591,-74.0358
40.7665,-73.9687
40.7434,-74.0075
40.7532,-73.9781
40.7295,-73.9879
40.7817,-73.9551
40.7523,-73.9839
40.7425,-74.0042
40.6693,-73.8787
40.7887,-73.9552
40.738,-73.9921
40.7333,-74.0053
40.7134,-73.9618
40.7074,-74.0072
40.7667,-73.9692
40.7528,-73.9733
40.7765,-73.962
40.692,-73.9648
40.7642,-73.9739
40.774,-73.9813
40.7414,-73.9999
40.7569,-73.9675
40.7349,-73.9889
40.7703,-73.9834
40.7682,-73.862
40.6645,-73.9551
40.7119,-73.9494
40.7748,-73.9911
40.7511,-73.9716
40.7523,-73.9733
40.7732,-73.9624
40.7457,-73.9943
40.6744,-74.0167
40.7399,-73.9827
40.7741,-73.8725
40.7788,-73.9581
40.7665,-73.9917
40.7554,-73.9868
40.646,-73.7765
40.6913,-73.9844
40.7291,-74.0025
40.7355,-73.9966
40.7367,-73.9787
40.7513,-73.9828
40.7116,-74.006
40.8667,-73.9229
40.738,-74.0094
40.7559,-73.9746
40.7543,-73.9883
40.7494,-73.9841
40.7516,-73.976
40.7434,-74.007
40.8332,-73.9797
40.6484,-73.783
40.7852,-73.9577
40.7376,-73.9898
40.7861,-73.953
40.6846,-73.9258
40.7275,-73.9851
40.8262,-73.9246
40.7215,-74.0106
40.7025,-73.9889
40.7218,-73.992
40.762,-73.9717
40.7668,-73.9865
40.7556,-73.9872
40.762,-73.9718
40.7366,-73.9907
40.7492,-73.9903
40.759,-73.9859
40.6976,-73.9359
40.7354,-73.9981
40.7693,-73.9815
40.7558,-73.9755
40.7636,-73.9752
40.7005,-73.9935
40.6696,-73.9802
40.7486,-74.0083
40.743,-74.0043
40.7578,-73.9789
40.7483,-73.9882
40.7257,-74.0035
40.7462,-73.9685
40.682,-73.9635
40.7598,-73.9998
40.7517,-73.9876
40.7245,-73.997
40.7211,-73.9877
40.7576,-73.9784
40.7237,-73.9994
40.7497,-73.9752
40.6857,-73.9743
40.7252,-73.997
40.7355,-74.0045
40.7561,-73.9748
40.7251,-73.9956
40.7446,-73.9948
40.7411,-73.9845
40.759,-73.9725
40.7517,-73.9824
40.7055,-74.0103
40.7598,-73.9745
40.7661,-73.9518
40.7388,-73.9883
40.7814,-73.9835
40.6742,-73.7299
40.6895,-73.9514
40.7194,-74.0068
40.7022,-73.9867
40.8009,-73.9612
40.7585,-73.9725
40.7265,-74.0024
40.7177,-74.0032
40.7516,-73.9804
40.7205,-74.001
40.7733,-73.9664
40.7143,-73.9975
40.7576,-73.9739
40.7596,-73.9816
40.7255,-74.0043
40.7648,-73.9684
40.7548,-73.9763
40.7259,-73.9928
40.7221,-73.9413
40.683,-73.9911
40.7706,-73.8654
40.7591,-73.9766
40.759,-73.9705
40.7591,-73.9608
40.7618,-73.9792
40.6709,-73.9815
40.7343,-74.0031
40.7581,-73.9683
40.7203,-73.9562
40.7641,-73.9732
40.7394,-73.9953
40.8065,-73.953
40.7709,-73.8659
40.7803,-73.9596
40.7412,-73.9928
40.7732,-73.8857
40.7469,-74.0079
40.6818,-73.9682
40.7372,-74.0038
40.6355,-73.9562
40.7636,-73.9722
40.7605,-73.9737
40.7393,-73.9932
40.6147,-74.0242
40.711,-73.9604
40.774,-73.8723
40.7851,-73.9557
40.7483,-73.9389
40.6807,-73.958
40.7911,-73.9746
40.7789,-73.9845
40.6746,-73.9736
40.7246,-73.9956
40.7244,-73.9977
40.7616,-74.0002
40.7622,-73.9745
40.7213,-73.9438
40.7639,-73.9761
40.7738,-73.8714
40.7581,-73.9891
40.7483,-73.9765
40.7559,-73.9751
40.7202,-73.9993
40.7646,-73.966
40.7439,-73.9879
40.7254,-73.9895
40.7581,-73.9736
40.6882,-73.9628
40.7601,-73.972
40.7492,-74.0038
40.7428,-73.9946
40.7434,-73.9842
40.7649,-73.9627
40.7417,-73.9933
40.7232,-74.008
40.7803,-73.9613
40.6857,-74.0014
40.7371,-73.9815
40.7466,-74.0036
40.7879,-73.9778
40.7457,-73.9936
40.7645,-73.9701
40.7343,-73.9898
40.761,-73.9867
40.7327,-73.9958
40.7259,-74.005
40.6898,-74.1785
40.7375,-74.0092
40.7315,-73.9992
40.7502,-73.995
40.7784,-73.9489
40.6486,-73.7834
40.7633,-73.9694
40.7544,-73.9774
40.7453,-74.0044
40.6761,-74.0125
40.7555,-73.9808
40.7611,-73.9768
40.7372,-73.9792
40.6932,-73.9723
40.7428,-73.9947
40.7399,-73.9878
40.6635,-73.9948
40.7444,-73.9843
40.7178,-73.9994
40.7723,-73.9527
40.7318,-74.0008
40.7185,-73.9989
40.6869,-73.9777
40.734,-73.9899
40.7463,-73.8993
40.6372,-74.0356
40.6186,-74.0922
40.7359,-73.9852
40.7687,-73.8628
40.73,-74.0047
40.7304,-73.9926
40.7543,-73.9848
40.7292,-73.9979
40.7588,-73.9776
40.7186,-73.9886
40.7538,-73.9745
40.7444,-73.9854
40.6828,-73.9667
40.6836,-74.0028
40.6967,-73.983
40.7304,-74.0025
40.7656,-73.963
40.6599,-73.9545
40.7202,-73.9845
40.766,-73.9797
40.7188,-74.0027
40.7393,-73.9827
40.7676,-73.9121
40.7401,-73.9865
40.7557,-73.9921
40.7554,-73.9948
40.7518,-73.9935
40.7311,-74.0081
40.7633,-73.9669
40.7739,-73.8726
40.7191,-74.0103
40.7863,-73.552
40.7714,-73.9636
40.727,-73.9767
40.7498,-73.9801
40.7457,-73.9916
40.7198,-73.9828
40.7641,-73.9611
40.7757,-73.9605
40.7446,-73.9989
40.7632,-73.9846
40.7542,-73.9903
40.7286,-74.0054
40.7265,-73.9946
40.6936,-73.9819
40.7492,-73.985
40.7302,-74.0029
40.7468,-73.9859
40.7644,-73.9833
40.719,-74.0087
40.7702,-73.9947
40.7425,-73.9868
40.7689,-73.9608
40.7333,-74.0048
40.7926,-73.9714
40.728,-74.0022
40.7249,-74.0028
40.7424,-73.9929
40.6812,-73.9887
40.7793,-73.9849
40.6165,-74.0279
40.7214,-74.0101
40.7551,-73.9837
40.7603,-73.9813
40.7212,-74.0051
40.7544,-73.9987
40.7474,-73.9928
40.7563,-73.9981
40.7531,-73.9777
40.7623,-73.9714
40.7707,-73.9209
40.7287,-73.9879
40.7274,-74.0055
40.7652,-73.9751
40.7314,-73.9752
40.7422,-73.9246
40.7233,-74.004
40.709,-74.0096
40.7636,-73.9826
40.7706,-73.9626
40.736,-73.9765
40.7614,-73.9793
40.7567,-73.9886
40.7329,-73.9978
40.7171,-73.9934
40.7446,-73.9891
40.7353,-73.9941
40.7462,-73.9455
40.7629,-73.9758
40.7438,-73.9888
40.7612,-73.9847
40.7436,-73.9939
40.7709,-73.8659
40.7416,-74.0028
40.7383,-74.0308
40.7166,-74.0163
40.7465,-73.9695
40.7566,-73.9903
40.7446,-73.9812
40.7645,-73.9147
40.6602,-73.8305
40.7591,-73.9826
40.7443,-73.9804
40.7036,-74.0119
40.7555,-73.9764
40.7613,-73.9746
40.7484,-73.9712
40.7231,-73.9949
40.7394,-73.994
40.6794,-73.9923
40.7649,-73.9804
40.7184,-74.0088
40.7418,-73.9763
40.7402,-74.0057
40.7374,-73.999
40.7467,-73.9973
40.7634,-73.9849
40.7451,-73.9769
40.7627,-73.8141
40.746,-73.9962
40.7233,-73.9974
40.7332,-74.0052
40.7118,-73.9236
40.804,-73.9502
40.7439,-73.9839
40.6996,-73.9521
40.7483,-74.0056
40.766,-73.9232
40.7227,-74.0035
40.7667,-73.9786
40.7474,-73.9849
40.735,-73.9931
40.7633,-73.9593
40.7289,-74.005
40.7573,-73.9823
40.7551,-73.9797
40.7411,-73.9814
40.7207,-74.0037
40.7309,-74.0011
40.733,-73.9885
40.7464,-74.0087
40.7599,-73.9215
40.7375,-73.9794
40.7424,-74.0048
40.7466,-74.0074
40.7546,-73.8539
40.7555,-73.9877
40.6889,-73.9549
40.7415,-73.9238
40.7311,-73.9913
41.0152,-73.8701
40.758,-73.9895
40.7398,-73.9463
40.6752,-73.9772
40.7563,-73.9833
40.7685,-73.8625
40.7138,-73.9574
40.7493,-73.9768
40.7656,-73.9699
40.7723,-73.9672
40.7327,-73.9775
40.7643,-73.9739
40.7277,-74.0071
40.6462,-73.7764
40.7083,-74.0113
40.645,-73.782
40.7307,-74.0102
40.761,-73.9997
40.7376,-74.0082
40.7646,-73.977
40.7716,-73.9561
40.7406,-74.0067
40.7272,-73.9806
40.7407,-73.9798
40.7428,-74.0077
40.7156,-74.0091
40.7299,-73.9906
40.7388,-74.0088
40.7401,-74.006
40.7242,-74.0022
40.7953,-73.976
40.7038,-73.915
40.766,-73.9656
40.7547,-73.9779
40.7379,-73.9888
40.7508,-73.9829
40.6529,-73.9431
40.7929,-73.9757
40.7743,-73.9529
40.7613,-73.9758
41.018,-73.7111
40.7416,-74.0048
40.7415,-73.9915
40.7664,-73.98
40.7681,-73.9639
40.7199,-73.9988
40.8842,-73.9059
40.771,-73.866
40.7138,-74.009
40.7755,-73.9502
40.7117,-73.9996
40.7597,-73.9724
40.724,-73.9902
40.7756,-73.9609
40.7634,-73.9752
40.7897,-73.9738
40.7635,-73.9792
40.7557,-73.984
40.697,-73.9932
40.7233,-73.9505
40.7618,-73.978
40.7338,-73.9982
40.758,-73.973
40.7626,-73.9743
40.7239,-73.9783
40.7623,-73.9743
40.6239,-73.9386
40.7375,-73.9954
40.7654,-73.9722
40.7553,-73.9814
40.7193,-73.9878
40.7232,-73.9975
40.7473,-73.9822
40.7546,-73.9767
40.7638,-73.9791
40.7707,-73.9824
40.7718,-73.9867
40.7759,-73.959
40.7486,-73.9903
40.6449,-73.7821
40.7544,-73.9714
40.7312,-73.9919
40.7456,-73.9837
40.7535,-73.978
40.7379,-73.9999
40.7364,-73.9372
40.7663,-73.9795
40.7072,-74.0121
40.8864,-73.8272
40.733,-73.9982
40.7431,-73.9845
40.7682,-73.8622
40.7223,-74.0097
40.6777,-73.9745
40.7266,-73.9504
40.7488,-73.938
40.7685,-73.8626
40.725,-73.9983
40.7638,-73.956
40.7517,-73.9845
40.7754,-73.946
40.7549,-74.0
40.6784,-73.995
40.7423,-73.9837
40.7174,-74.0161
40.806,-73.965
40.7057,-74.0102
40.7787,-73.9617
40.6916,-73.9596
40.6457,-73.7767
40.7298,-73.9989
40.7614,-73.9623
40.72,-74.0052
40.7345,-73.9922
40.7416,-73.9937
40.7269,-73.9911
40.7304,-73.9937
40.7642,-73.9738
40.7413,-74.0021
40.6812,-73.9158
40.724,-73.9917
40.6419,-73.7881
40.7343,-74.0024
40.7224,-73.9888
40.7255,-74.0041
40.7203,-73.9602
40.7562,-73.9933
40.7147,-74.01
40.7544,-73.9872
40.772,-73.9831
40.7321,-73.984
40.7582,-73.912
40.7654,-73.9539
40.7156,-74.0061
40.7183,-73.9432
40.716,-73.9421
40.7455,-73.9532
40.7218,-74.006
40.6883,-73.9905
40.7262,-73.9929
40.7498,-73.9795
40.734,-73.9892
40.7469,-73.9525
40.745,-73.994
40.7728,-73.9558
40.8212,-73.9448
40.731,-73.9921
40.823,-73.9472
40.783,-73.9568
40.7686,-73.9677
40.7792,-73.9808
40.7598,-73.9805
40.763,-73.9739
40.7152,-73.984
40.7136,-73.9405
40.7568,-73.9693
40.7557,-73.9838
40.7523,-74.0054
40.7407,-73.9915
40.7797,-73.9735
40.7244,-73.9787
40.7595,-73.9889
40.7206,-73.9843
40.7493,-73.994
40.7435,-73.9806
40.7309,-73.9892
40.7406,-74.0087
40.7571,-74.001
40.7619,-73.9703
40.6881,-74.1831
40.6449,-73.7821
40.7427,-74.007
40.7232,-74.0062
40.7511,-73.9942
40.771,-73.9494
40.7558,-73.978
40.7564,-73.9838
40.7793,-73.9448
40.7427,-73.9944
40.7218,-73.9895
40.7544,-74.0259
40.7211,-74.0012
40.7183,-73.9864
40.7117,-74.0104
40.692,-73.985
40.7207,-73.9952
40.8071,-73.9606
40.7065,-73.9431
40.7371,-74.0022
40.7099,-74.0164
40.7703,-73.9806
40.7585,-73.9689
40.7104,-74.0044
40.7718,-73.9652
40.7635,-73.9751
40.7303,-74.0069
40.7297,-74.0022
40.7558,-73.9728
40.7201,-73.9875
40.6884,-73.6318
40.7547,-73.9753
40.7502,-73.9948
40.7231,-73.9958
40.6449,-73.7823
40.7917,-73.9766
40.7142,-74.0033
40.7247,-73.9957
40.7857,-73.9692
40.777,-73.9818
40.7436,-73.9837
40.7393,-73.9936
40.7504,-73.9865
40.7551,-73.973
40.7368,-74.009
40.7803,-73.9555
40.7285,-73.9963
40.7685,-73.8861
40.7232,-73.9998
40.7709,-73.8658
40.7744,-73.9635
40.7589,-73.9839
40.7794,-73.9794
40.731,-73.992
40.7528,-73.9805
40.7564,-73.9779
40.7277,-74.0072
40.7597,-73.978
40.7052,-74.0164
40.7783,-73.9585
40.7472,-73.9933
40.735,-73.9943
40.7218,-73.9998
40.6462,-73.7905
40.7507,-73.9834
40.6887,-73.9914
40.7585,-73.9853
40.7568,-73.9849
40.6466,-73.7905
40.775,-73.9911
40.6834,-73.9553
40.7549,-73.9722
40.7451,-74.0061
40.7366,-73.9798
40.7413,-73.993
40.7226,-73.9896
40.7671,-73.9842
40.7233,-74.0062
40.7615,-73.9711
40.7386,-73.9921
40.7703,-73.865
40.7248,-73.9992
40.739,-74.0482
40.7646,-73.9777
40.7579,-73.9717
40.7274,-74.0055
40.7323,-73.9828
40.702,-73.9197
40.7834,-73.9781
40.7677,-73.9579
40.7079,-74.0097
40.7371,-73.9946
40.6634,-73.948
40.7508,-73.9705
40.6486,-73.783
40.6464,-73.7903
40.6468,-73.7896
40.6449,-73.7821
40.7787,-73.9476
40.7823,-73.9715
40.7355,-73.9909
40.7505,-73.9746
40.7058,-74.0094
40.7661,-73.9638
40.7525,-73.9727
40.7681,-73.9685
40.7557,-73.9771
40.7381,-73.9553
40.7165,-74.0132
40.7243,-73.9928
40.6463,-73.7768
40.7715,-73.9506
40.7561,-73.9911
40.7422,-74.0045
40.6736,-73.9797
40.761,-73.9673
40.7705,-73.9622
40.7655,-73.9764
40.7878,-73.9758
40.7223,-74.0081
40.7566,-73.9642
40.7632,-73.9688
40.6695,-73.98
40.7566,-73.9786
40.7826,-73.9492
40.7639,-73.9733
40.7692,-73.9811
40.7349,-73.9932
40.7246,-73.9819
40.7834,-73.9491
40.7906,-73.9747
40.7429,-74.0059
40.7184,-74.0021
40.7377,-73.9898
40.7703,-73.991
40.765,-73.9826
40.7347,-74.0093
40.7239,-74.0041
40.6941,-73.9336
40.7639,-73.9741
40.7169,-74.0123
40.7766,-73.979
40.7545,-73.9865
40.7627,-73.9841
40.7394,-74.0066
40.7428,-73.9946
40.7033,-73.994
40.7655,-73.9758
40.7303,-74.0077
40.739,-74.0008
40.7637,-73.9757
40.7667,-73.9215
40.7798,-73.9744
40.7233,-73.9901
40.7777,-73.9797
40.725,-73.9956
40.7757,-73.9586
40.7195,-74.0004
40.7587,-73.9931
40.7781,-73.9456
40.695,-74.1783
40.7233,-73.9929
40.7157,-74.0155
40.7303,-74.008
40.7514,-73.9877
40.7627,-73.9755
40.7624,-73.9737
40.7265,-73.9848
40.7504,-73.9786
40.7428,-73.9848
40.7244,-73.9932
40.7278,-73.9914
40.6449,-73.7824
40.7486,-73.9881
40.7442,-73.9918
40.7383,-73.9998
40.7747,-73.9613
40.7452,-74.0344
40.7218,-73.9945
40.7206,-73.9802
40.7273,-73.8775
40.7367,-73.9553
40.6825,-73.9764
40.8157,-74.2185
40.7314,-74.0023
40.7598,-73.9782
40.6936,-73.9889
40.7527,-73.9857
40.7841,-73.9469
40.705,-74.0053
40.7515,-73.9939
40.7691,-73.9814
40.7129,-73.9586
40.7328,-74.0076
40.7523,-73.9855
40.7791,-73.9775
40.6486,-73.7836
40.7298,-74.0042
40.8033,-74.2605
40.7255,-74.005
40.7392,-73.9871
40.7603,-73.9774
40.7249,-74.0077
40.7237,-73.8943
40.7608,-73.9963
40.7246,-73.9996
40.7399,-73.9858
40.7774,-73.9517
40.7762,-73.9107
40.7567,-73.9743
40.7413,-73.9845
40.7365,-73.9969
40.7743,-73.8725
40.6483,-73.7827
40.7196,-73.9972
40.6602,-73.9513
40.735,-73.9889
40.8664,-73.9278
40.7917,-73.9721
40.7603,-73.9799
40.7803,-73.9101
40.6419,-73.7886
40.7574,-73.9782
40.7332,-73.9598
40.7594,-74.0035
40.7272,-74.0055
40.7526,-73.9932
40.7606,-73.9713
40.7443,-74.0056
40.7097,-73.9487
40.7159,-74.0095
40.7522,-73.9686
40.7527,-73.983
40.7558,-73.9843
40.7596,-73.9701
40.6448,-73.7822
40.7342,-73.9898
40.7543,-73.9923
40.7101,-74.0075
40.8021,-73.9614
40.6463,-73.7765
40.7648,-73.9742
40.7239,-73.9971
40.7253,-73.9925
40.7466,-73.9956
40.7246,-73.9916
40.7609,-73.9579
40.7462,-73.981
40.7187,-73.9891
40.7099,-74.0092
40.7506,-73.9975
40.759,-73.9611
40.7096,-74.0107
40.7313,-74.0099
40.7225,-73.9992
40.7585,-73.9908
40.7472,-73.9005
40.742,-73.9313
40.7638,-73.9897
40.7141,-74.0095
40.6838,-73.9765
40.7351,-73.9888
40.7747,-73.9842
40.7401,-73.9746
40.6131,-73.9175
40.737,-74.0014
40.7558,-73.9746
40.7093,-74.011
40.7239,-73.9879
40.7466,-73.9901
40.7566,-73.9687
40.7633,-73.9808
40.788,-73.9758
40.7317,-73.9932
40.7605,-73.9703
40.7083,-74.0145
40.7239,-73.9879
40.6941,-73.9731
40.7548,-73.9841
40.7216,-73.9934
40.7716,-73.9484
40.7753,-73.9594
40.7592,-73.9853
40.7379,-73.9736
40.7361,-73.9923
40.7211,-73.9878
40.6445,-74.0139
40.7274,-73.9921
40.7507,-73.979
40.7562,-73.9717
40.7336,-74.0004
40.7476,-74.006
40.7657,-73.9631
40.784,-73.9486
40.7628,-73.972
40.7147,-73.9502
40.7343,-73.9938
40.7562,-73.9749
40.7589,-73.9684
40.7143,-74.0117
40.7599,-73.9804
40.7241,-73.9827
40.7609,-73.9665
40.7198,-74.0068
40.7869,-73.9772
40.7704,-73.9622
40.7245,-73.9926
40.7204,-74.001
40.7616,-73.9792
40.774,-73.8718
40.7251,-73.995
40.7645,-73.9706
40.7554,-73.9795
40.7548,-73.9975
40.6962,-73.9924
40.7684,-73.9847
40.6416,-73.7881
40.7211,-74.0051
40.7585,-73.9729
40.7704,-73.9579
40.7207,-74.0052
40.6951,-74.1789
40.7063,-74.0169
40.7568,-73.9926
40.7714,-73.9485
40.7637,-73.9762
40.7459,-73.9943
40.6914,-74.1772
40.7248,-73.9995
40.7091,-73.9685
40.7285,-74.005
40.7633,-73.9788
40.7524,-73.9858
40.7218,-73.9856
40.7401,-73.9906
40.7137,-74.0083
40.7385,-73.9994
40.7758,-73.9591
40.7604,-73.9645
40.7188,-74.0341
40.7566,-73.9748
40.6464,-73.7771
40.7693,-73.958
40.6459,-73.7768
40.7515,-73.971
40.7171,-73.9935
40.786,-73.9709
40.6862,-73.9268
40.7191,-73.9905
40.7489,-73.9728
40.7773,-73.9889
40.7224,-73.9993
40.7638,-73.9776
40.7612,-73.9795
40.772,-73.9633
40.7437,-73.9922
40.7228,-74.0047
40.705,-74.0115
40.7613,-73.9978
40.7865,-73.9797
40.774,-73.8726
40.7605,-73.9799
40.7822,-73.9579
40.7737,-73.9181
40.7614,-73.9681
40.7683,-73.9671
40.7571,-73.9895
40.7742,-73.8728
40.723,-73.9958
40.7646,-73.9718
40.7441,-74.0068
40.7265,-74.0036
40.7664,-73.9605
40.781,-73.9474
40.7625,-73.9751
40.6867,-73.9155
40.7198,-74.0058
40.7149,-74.015
40.7763,-73.9558
40.7418,-73.9563
40.7679,-73.9916
40.7573,-73.9738
40.7384,-73.9919
40.6831,-73.9501
40.7636,-73.9794
40.7223,-73.9932
40.6855,-73.9244
40.7615,-73.9682
40.7382,-74.0095
40.7189,-73.9871
40.7621,-73.9698
40.7786,-73.9564
40.7127,-74.0078
40.7689,-73.9853
40.7861,-73.9711
40.7374,-73.9912
40.739,-73.9898
40.7472,-73.9874
40.7588,-73.9779
40.7615,-73.9819
40.6444,-73.7834
40.7479,-73.9877
40.7563,-73.9725
40.7547,-73.974
40.72,-73.9991
40.7364,-73.987
40.6466,-73.7897
40.7419,-73.9892
40.735,-73.9932
40.716,-73.9608
40.6463,-73.7898
40.8232,-73.9424
40.8265,-73.8403
40.7416,-73.9963
40.7551,-73.9729
40.7394,-74.0065
40.7311,-73.9754
40.7326,-73.9992
40.6885,-73.9634
40.7832,-73.956
40.7755,-73.9522
40.7027,-74.0122
40.7525,-73.99
40.7254,-74.0092
40.7124,-73.9953
40.7564,-73.9788
40.7277,-73.9799
40.716,-73.8983
40.7558,-73.9865
40.7203,-73.9962
40.716,-74.0036
40.7787,-73.9452
40.759,-73.9816
40.7729,-73.8856
40.6485,-73.7827
40.7745,-73.9558
40.7423,-73.9972
40.7898,-73.9772
40.7279,-74.0052
40.7329,-73.9885
40.741,-74.0075
40.6941,-73.9681
40.7522,-73.9812
40.7285,-74.0465
40.7056,-74.0083
40.7231,-73.9904
40.7492,-73.9942
40.5767,-73.9537
40.7219,-73.9438
40.8029,-73.9565
40.7077,-74.0018
40.7518,-73.9936
40.7285,-74.0051
40.7241,-73.9808
40.7139,-74.0088
40.7507,-73.9742
40.7458,-73.9999
40.7482,-73.9744
40.6892,-73.969
40.7789,-73.956
40.6856,-73.9913
40.643,-73.7897
40.6459,-73.7767
40.788,-73.9698
40.7436,-74.0075
40.73,-74.0041
40.7247,-73.9934
40.7139,-74.015
40.7,-73.9866
40.778,-73.9626
40.7142,-73.9606
40.7996,-73.9597
40.7279,-74.0054
40.7695,-73.9692
40.7018,-73.8088
40.7175,-74.0053
40.7811,-73.9594
40.7478,-73.985
40.753,-73.9838
40.7348,-74.0062
40.7159,-74.0063
40.6879,-74.1827
40.7806,-73.961
40.714,-73.9997
40.7417,-73.9874
40.614,-74.0269
40.6602,-73.806
40.7731,-73.8856
40.7636,-73.9748
40.7682,-73.8621
40.7245,-73.9835
40.7305,-74.0068
40.7642,-73.9867
40.7547,-73.9879
40.7085,-74.0133
40.7751,-73.9793
40.7403,-74.0059
40.7731,-73.8855
40.786,-73.9528
40.7618,-73.9712
40.7249,-73.9782
40.783,-73.9761
40.7202,-73.9874
40.7595,-73.9952
40.7663,-73.9717
40.6971,-73.9833
40.7581,-73.9716
40.7628,-73.9822
40.6667,-73.9899
40.7626,-73.9784
40.7287,-74.0465
40.7328,-73.9959
40.7212,-74.0003
40.7442,-73.9876
40.723,-74.0081
40.7445,-73.9902
40.7412,-73.9963
40.7264,-74.0021
40.7691,-73.9861
40.7595,-73.9751
40.7054,-74.0077
40.716,-74.0358
40.7308,-74.0008
40.7478,-73.9871
40.7041,-74.0116
40.7122,-73.9639
40.7429,-74.0079
40.7208,-73.9624
40.7523,-73.9766
40.7621,-73.9834
40.7216,-73.9979
40.7591,-73.9945
40.7221,-74.003
40.7169,-73.9898
40.7343,-74.01
40.7332,-73.9967
40.7647,-73.9784
40.7315,-73.9564
40.728,-73.9951
40.7247,-74.0101
40.7494,-73.9838
40.7664,-73.9531
40.7286,-73.9816
40.7547,-73.9917
40.7241,-74.0061
40.7585,-73.9752
40.6874,-73.9547
40.7194,-74.0805
40.7435,-73.9798
40.669,-73.7822
40.7957,-73.9743
40.7791,-73.9868
40.7321,-73.9983
40.7106,-73.9574
40.7271,-73.9527
40.7169,-74.0123
40.7374,-73.9885
40.7446,-73.9567
40.7368,-73.993
40.6829,-73.9533
40.6647,-73.9868
40.7296,-73.9869
40.645,-73.7818
40.7759,-73.9632
40.774,-73.8716
40.7363,-73.9966
40.7731,-73.9664
40.8455,-73.9424
40.7382,-74.0009
40.7446,-73.9909
40.7419,-73.9935
40.7215,-73.9885
40.7212,-73.9832
40.753,-73.9741
40.7643,-73.9774
40.7604,-73.9722
40.7543,-73.969
40.7458,-73.9887
40.7557,-73.986
40.6485,-73.7832
40.7562,-73.9852
40.7273,-74.0071
40.7439,-74.0063
40.7577,-73.9754
40.7608,-73.9883
40.7982,-73.9599
40.7069,-74.0071
40.7606,-73.9734
40.7738,-73.9637
40.7557,-73.9727
40.69,-73.9732
40.726,-74.0057
40.7193,-73.9616
40.7171,-73.9934
40.7274,-73.9921
40.7586,-73.9616
40.7576,-73.9691
40.7304,-73.9937
40.7553,-73.9711
40.852,-73.9371
40.696,-73.9682
40.74,-73.9983
40.7564,-73.983
40.7043,-74.0092
40.7907,-73.9691
40.7583,-73.982
40.9065,-73.8976
40.7604,-73.9738
40.7517,-73.9692
40.7071,-74.0122
40.7545,-73.9638
40.7432,-74.0084
40.7134,-73.9639
40.758,-73.9707
40.7293,-73.9957
40.7879,-73.9795
40.7317,-73.9933
40.7158,-74.0029
40.7831,-73.9756
40.7392,-73.9936
40.7048,-74.0097
40.7503,-74.0044
40.7384,-73.9821
40.7657,-73.9719
40.7638,-73.9713
40.7104,-74.0097
40.6465,-73.79
40.6988,-73.937
40.6449,-73.782
40.7646,-73.9759
40.6867,-73.9591
40.7449,-73.9888
40.7451,-73.9951
40.7472,-73.9896
40.7202,-73.9962
40.7529,-73.9678
40.6485,-73.7826
40.774,-73.8724
40.7558,-73.9834
40.7682,-73.8622
40.7069,-73.9511
40.7339,-74.0006
40.7369,-73.9867
40.7484,-74.0058
40.7507,-73.9845
40.7458,-73.9879
40.7366,-73.877
40.7768,-73.9833
40.72,-73.9881
40.7359,-74.0289
40.7163,-74.0111
40.7633,-73.8229
40.6835,-73.9561
40.7533,-73.9705
40.7319,-73.9524
40.7092,-74.0162
40.774,-73.8732
40.7288,-74.0027
40.6956,-73.9714
40.7753,-73.9634
40.7296,-73.9882
40.7199,-74.0052
40.7335,-73.9932
40.7246,-74.0022
40.7432,-73.9819
40.7431,-73.9912
40.7408,-73.9758
40.7053,-74.0091
40.7155,-74.0159
40.7332,-74.0031
40.7431,-73.9892
40.756,-73.9868
40.6921,-73.9514
40.7752,-73.9599
40.7372,-73.9904
40.7258,-73.9837
40.8079,-73.9396
40.7594,-73.9745
40.7156,-74.0152
40.7552,-73.9929
40.8102,-73.9613
40.8043,-73.9583
40.6484,-73.7834
40.7381,-74.0093
40.7721,-73.9672
40.7267,-74.0001
40.6752,-73.957
40.7427,-73.991
40.7577,-73.993
40.6437,-73.7857
40.5944,-73.9769
40.7638,-73.9897
40.7275,-73.9935
40.7206,-73.9624
40.7221,-73.9873
40.7692,-73.8867
40.7333,-73.9915
40.7674,-73.9688
40.7404,-73.9944
40.7912,-73.9772
40.7406,-74.0057
40.6755,-73.9993
40.6449,-73.7819
40.7151,-74.0161
40.6449,-73.782
40.7617,-73.9749
40.7276,-74.0049
40.7468,-73.9961
40.7355,-73.9937
40.7568,-73.9827
40.7457,-73.9915
40.7733,-73.945
40.6201,-74.0403
40.765,-73.982
40.7843,-73.977
40.7498,-73.9953
40.7616,-73.9787
40.7448,-73.9798
40.7488,-73.9925
40.787,-73.9735
40.7591,-73.9941
40.7582,-73.99
40.7382,-73.9855
40.73,-73.9989
40.7772,-73.9592
40.7605,-73.9858
40.8659,-73.8828
40.7292,-74.0025
40.738,-73.9831
40.7291,-73.9886
40.7529,-73.993
40.7246,-73.9917
40.7852,-73.9514
40.7687,-73.9602
40.7268,-74.0074
40.7526,-73.9704
40.7463,-73.9932
40.7614,-73.9665
40.7093,-74.0152
40.7581,-73.9646
40.6899,-73.9781
40.7479,-73.9949
40.7164,-74.047
40.6781,-73.9856
40.7881,-74.0434
40.7247,-73.9987
40.7312,-74.0
40.7387,-73.9853
40.7499,-73.9901
40.7562,-73.9725
40.7569,-73.9671
40.7268,-74.002
40.7423,-74.0037
40.7556,-73.9836
40.7212,-73.9832
40.7305,-74.1716
40.6443,-73.7836
40.7885,-73.9532
40.7291,-73.985
40.7036,-73.9896
40.7732,-73.8855
40.7564,-73.9727
40.7496,-73.9925
40.7253,-73.9926
40.7609,-73.9797
40.7069,-74.0079
40.7334,-73.9972
40.7173,-74.0123
40.7369,-73.9905
40.7624,-73.9783
40.6891,-73.9363
40.7906,-73.968
40.7259,-74.0039
40.7326,-74.0034
40.7782,-73.9766
40.7332,-74.0057
40.7684,-73.8623
40.7323,-74.0078
40.7764,-73.9771
40.7439,-73.9896
40.7521,-73.9859
40.7411,-74.0076
40.7519,-73.9751
40.7437,-73.9907
40.7615,-73.97
40.6815,-73.977
40.7559,-73.9908
40.8175,-73.942
40.6467,-73.7783
40.7438,-74.0063
40.7551,-73.9787
40.7175,-74.007
40.7432,-73.9744
40.7734,-73.96
40.7592,-73.9786
40.7358,-74.0059
40.726,-73.9919
40.7237,-74.0103
40.6714,-73.9469
40.7555,-73.9767
40.7072,-73.954
40.7841,-73.9765
40.7426,-73.9854
40.7714,-73.9563
40.7501,-73.9913
40.7399,-74.0061
40.7514,-74.0033
40.7208,-74.005
40.7839,-73.9503
40.7576,-73.9634
40.7683,-73.8624
40.7408,-73.9872
40.7482,-73.9395
40.7638,-73.9642
40.7251,-74.0015
40.7445,-73.9917
40.6525,-73.9402
40.6891,-73.9551
40.8011,-73.9678
40.7656,-73.9783
40.7682,-73.8619
40.6805,-73.9974
40.7562,-73.9748
40.8017,-73.9433
40.7683,-73.9845
40.7406,-74.0057
40.7403,-73.9978
40.7341,-73.9926
40.7435,-73.9891
40.7614,-73.9878
40.7601,-73.9869
40.7409,-73.9918
40.7401,-73.9742
40.7568,-73.9879
40.6483,-73.7851
40.7938,-73.9341
40.7377,-73.9916
40.7155,-74.0148
40.6957,-73.9824
40.7173,-74.0095
40.7258,-73.9924
40.7514,-73.9936
40.7325,-74.0095
40.7647,-73.974
40.7204,-73.9871
40.7617,-73.9803
40.762,-73.986
40.7346,-74.0071
40.7252,-73.9834
40.7963,-73.9496
40.7216,-73.9912
40.7549,-74.0
40.7802,-73.9589
40.7525,-73.9793
40.7755,-73.9783
40.7543,-73.9806
40.7658,-73.9545
40.7664,-73.9882
40.7723,-73.9466
40.7651,-73.972
40.7314,-73.9885
40.7295,-73.981
40.7395,-73.9922
40.7092,-74.013
40.7651,-73.9789
40.677,-73.9626
40.7158,-74.0049
40.7553,-73.9683
40.7259,-73.9981
40.7277,-73.9855
40.7737,-73.9798
40.7754,-73.9459
40.7675,-73.8815
40.7055,-74.0126
40.7396,-74.0026
40.7608,-73.9786
40.7595,-73.9723
40.6883,-73.9383
40.7408,-74.0076
40.7385,-73.9854
40.7084,-73.9614
40.7208,-73.9552
40.7481,-73.9712
40.7286,-73.9845
40.686,-73.9866
40.7566,-73.9863
40.7045,-74.0119
40.7732,-73.9901
40.7541,-73.9874
40.7162,-74.0087
40.7622,-73.975
40.762,-73.9777
40.7599,-73.9763
40.7403,-73.9888
40.7685,-73.958
40.6897,-73.9923
40.7427,-73.9944
40.7604,-73.9738
40.6692,-73.9829
40.714,-73.9871
40.7513,-73.9796
40.7417,-74.0047
40.7626,-73.9789
40.7697,-73.9486
40.7483,-73.98
40.7177,-74.0058
40.7213,-74.0092
40.7419,-73.9866
40.7053,-74.0133
40.762,-73.9266
40.7177,-73.9635
40.706,-74.018
40.7405,-73.9861
40.7211,-73.9975
40.7593,-73.9845
40.6484,-73.783
40.7693,-73.9922
40.7253,-74.0076
40.6687,-73.9748
40.7782,-73.9525
40.7346,-73.9756
40.7672,-73.9688
40.7414,-73.9833
40.7682,-73.9681
40.7743,-73.8733
40.7233,-73.9465
40.7309,-73.9758
40.6885,-73.9852
40.7599,-73.9798
40.7787,-73.9604
40.7033,-73.932
40.7107,-73.9852
40.6881,-73.967
40.715,-74.0056
40.7803,-73.9554
40.7777,-73.9488
40.7223,-73.9917
40.7652,-73.9723
40.7518,-73.9763
40.742,-74.0038
40.734,-74.0046
40.7536,-73.9808
40.7746,-73.9639
40.7207,-74.0052
40.7248,-73.9956
40.7761,-73.9616
40.7698,-73.9586
40.7289,-74.0006
40.75,-73.9834
40.7281,-73.9939
40.7645,-73.9727
40.7228,-74.0019
40.7684,-73.9574
40.7647,-73.9706
40.7447,-73.9873
40.7518,-73.9758
40.7219,-73.9584
40.6735,-73.9917
40.7708,-73.8657
40.8023,-73.9452
40.7224,-73.9824
40.7289,-73.9875
40.7582,-73.9854
40.7632,-73.9693
40.726,-74.0041
40.7687,-73.9603
40.7447,-73.9797
40.7362,-73.9982
40.7868,-73.9682
40.7201,-73.9554
40.7541,-73.9824
40.7609,-73.9867
40.8108,-73.9579
40.7246,-73.9799
40.7407,-74.0068
40.7362,-73.9821
40.7615,-73.9995
40.7708,-73.9478
40.7863,-73.9485
40.7586,-73.9813
40.7777,-73.9534
40.7629,-73.9698
40.725,-73.9924
40.718,-74.0048
40.7317,-74.0044
40.7633,-73.9673
40.7689,-73.9608
40.721,-74.01
40.766,-73.952
40.7715,-73.9507
40.7534,-73.9902
40.7158,-74.0161
40.7989,-73.9414
40.7416,-73.9937
40.6568,-74.007
40.7581,-73.973
40.718,-73.9897
40.7499,-73.9839
40.7426,-74.039
40.7319,-73.9839
40.7463,-73.9886
40.7169,-74.0023
40.7829,-73.9737
40.6752,-73.9796
40.7633,-73.9806
40.7492,-74.0031
40.7494,-73.9918
40.7741,-73.9825
40.7405,-74.0057
40.7296,-73.9863
40.7351,-74.0062
40.7624,-73.9723
40.7995,-73.9717
40.7133,-74.0108
40.7638,-73.976
40.6721,-73.9773
40.8105,-73.9601
40.7275,-74.0005
40.7395,-73.9943
40.7458,-73.9844
40.6932,-73.9906
40.702,-73.9926
40.7629,-73.9785
40.7338,-73.8149
40.645,-73.7818
40.7173,-74.0091
40.7433,-73.986
40.7597,-74.0278
40.7744,-73.9456
40.7151,-74.0078
40.7785,-73.9542
40.7227,-74.0003
40.7392,-74.0011
40.6443,-73.7836
40.716,-74.0119
40.712,-73.9681
40.7705,-73.9482
40.74,-74.0073
40.7704,-73.9581
40.7515,-73.9938
40.7711,-73.9897
40.7341,-73.9813
40.734,-74.0082
40.7052,-74.0079
40.7149,-74.0113
40.7557,-73.9861
40.7562,-73.9717
40.7707,-73.9485
40.7503,-73.9403
40.8841,-73.8925
40.7428,-73.9846
40.7173,-74.0095
40.7297,-74.0044
40.7635,-73.9749
40.7192,-74.0052
40.7843,-73.9551
40.761,-73.9791
40.6879,-74.1814
40.7269,-73.9997
40.6919,-74.0005
40.722,-73.9578
40.7561,-73.9824
40.7746,-73.9819
40.7786,-73.9775
40.7447,-73.9953
40.7536,-73.9867
40.7487,-73.9864
40.7585,-73.9691
40.7227,-73.9773
40.7269,-74.0072
40.7224,-74.0026
40.7372,-73.9969
40.756,-73.9966
40.6834,-73.9555
40.8812,-73.8786
40.7377,-73.9911
40.7186,-74.0089
41.0053,-73.7495
40.7568,-73.9976
40.7078,-73.947
40.7316,-73.9991
40.6819,-73.9758
40.761,-73.9987
40.764,-73.994
40.7543,-73.9772
40.7399,-74.0059
40.7214,-74.0053
40.7938,-73.9323
40.7617,-73.9746
40.723,-73.9976
40.7002,-73.9127
40.7372,-74.0004
40.7502,-73.9947
40.7669,-73.9818
40.7199,-73.9962
40.7225,-74.2242
40.7624,-73.9861
40.7233,-73.9913
40.6926,-73.9862
40.7733,-73.9544
40.7561,-73.9726
40.7517,-74.0038
40.7653,-73.982
40.7631,-73.979
40.7868,-73.9683
40.7492,-73.9752
40.7545,-73.9653
40.7239,-74.0036
40.7511,-74.0054
40.7736,-73.871
40.7334,-73.9972
40.7173,-73.9954
40.7628,-73.9913
40.7622,-73.9661
40.776,-73.9442
40.7572,-73.9782
40.7682,-73.8621
40.7213,-74.0099
40.793,-73.9659
40.7962,-73.9725
40.7406,-74.0019
40.6901,-73.93
40.7545,-74.119
40.7724,-73.9608
40.7325,-73.9968
40.7336,-73.9565
40.7173,-74.0146
40.7306,-73.983
40.6614,-73.992
40.7578,-73.9706
40.7805,-73.9727
40.724,-73.9911
40.7225,-73.9975
40.7061,-74.009
40.7618,-74.0011
40.764,-73.9541
40.8167,-73.9473
40.7014,-73.9446
40.7584,-73.9751
40.7019,-74.0112
40.7143,-74.015
40.7335,-74.0029
40.7406,-74.0056
40.7329,-74.0039
40.7384,-73.9821
40.7538,-73.9885
40.7643,-73.9731
40.7208,-73.9437
40.7655,-73.9588
40.7438,-73.9879
40.7537,-73.9723
40.6915,-73.9964
40.7599,-73.9669
40.7541,-73.9725
40.7759,-73.9764
40.7751,-73.9907
40.76,-73.9687
40.726,-73.9948
40.7427,-74.0078
40.8575,-73.9323
40.7235,-73.9984
40.7401,-73.9902
40.7529,-73.9894
40.7505,-73.9768
40.6457,-73.7767
40.7236,-74.0108
40.7636,-73.9736
40.7368,-74.0045
40.745,-73.9849
40.6841,-73.9771
40.7398,-73.9904
40.7613,-73.9778
40.7199,-74.0001
40.713,-73.9522
40.741,-74.0056
40.7276,-74.0073
40.7752,-73.9821
40.6892,-73.9189
40.7575,-73.986
40.7595,-73.9866
40.8993,-73.7968
40.7452,-73.998
40.7452,-73.9922
40.7093,-74.0104
40.7058,-74.0041
40.7717,-73.9888
40.7187,-73.9923
40.7671,-73.984
40.7504,-74.0059
40.7504,-74.0027
40.7588,-73.9774
40.7331,-74.0041
40.7963,-73.9736
40.7268,-74.0028
40.6948,-73.9594
40.7421,-73.9924
40.7746,-73.9543
40.7277,-74.0053
40.7596,-73.9912
40.7739,-73.8723
40.6903,-73.9815
40.748,-74.0002
40.7201,-74.0085
40.7608,-73.9761
40.6713,-73.9779
40.7207,-74.0018
40.7752,-73.9904
40.7683,-73.8616
40.7471,-73.9935
40.7701,-73.9649
40.7648,-73.9917
40.7462,-74.0081
40.7092,-73.9614
40.6913,-73.9843
40.7315,-74.0031
40.7609,-73.999
40.7541,-73.9867
40.8149,-74.3588
40.7423,-73.934
40.7761,-73.9613
40.7511,-73.9742
40.7776,-73.977
40.7609,-73.9965
40.6665,-73.982
40.7273,-73.9921
40.7747,-73.9823
40.7478,-73.9851
40.7801,-73.9807
40.7252,-73.9891
40.7614,-73.97
40.7568,-73.9854
40.7848,-73.9538
40.6622,-74.0948
40.7151,-73.9607
40.7248,-73.9972
40.7645,-73.9808
40.7353,-73.988
40.7623,-73.842
40.7579,-73.9893
40.7403,-73.9907
40.7213,-73.9977
40.7691,-73.9959
40.7281,-73.8618
40.7473,-73.9721
40.6417,-73.7887
40.7704,-73.9605
40.7536,-73.979
40.7398,-74.006
40.7697,-73.956
40.7274,-73.9921
40.7513,-73.9941
40.7705,-73.9543
40.84,-73.9408
40.7532,-73.987
40.7305,-73.976
40.7441,-73.9875
40.7735,-73.9663
40.6949,-73.9871
40.76,-73.9844
40.7446,-73.9222
40.739,-74.001
40.7124,-73.9659
40.7692,-73.9822
40.7637,-73.9753
40.7058,-74.0042
40.7308,-74.001
40.7945,-73.9399
40.7386,-73.9977
40.6932,-73.9887
40.721,-73.9582
40.6715,-73.9711
40.645,-73.782
40.741,-74.0076
40.7293,-73.9922
40.7513,-73.9893
40.7674,-73.9846
40.7825,-73.9469
40.7806,-73.9804
40.7761,-73.9571
40.7488,-73.9903
40.6449,-73.7823
40.7633,-73.9665
40.7499,-73.9835
40.7256,-74.0049
40.7658,-73.9818
40.7312,-74.0012
40.7449,-73.9888
40.7103,-73.9844
40.7024,-73.9895
40.7791,-73.9825
40.7334,-73.9996
40.7269,-74.0074
40.7767,-73.9857
40.7607,-73.9612
40.7585,-73.9675
40.7841,-73.9543
40.8436,-73.8455
40.7552,-73.9704
40.7279,-74.0
40.7224,-73.9549
40.7725,-73.953
40.7862,-73.9519
40.6752,-73.9753
40.7514,-74.0031
40.7421,-73.9808
40.7556,-73.9709
40.7314,-73.9888
40.7601,-73.9719
40.7321,-73.9958
40.7312,-74.0029
40.8125,-73.9484
40.7461,-73.9821
40.7293,-73.9797
40.7125,-73.9518
40.7646,-73.9718
40.7365,-73.9988
40.774,-73.8719
40.764,-73.9732
40.7755,-73.9647
40.7129,-73.9955
40.7764,-73.9564
40.7198,-73.9785
40.7218,-74.0043
40.7199,-74.0003
40.7699,-73.9587
40.6997,-73.9794
40.7323,-73.9951
40.7246,-73.9973
40.7676,-73.9515
40.7417,-73.9832
40.7452,-74.0343
40.7501,-73.972
40.7311,-74.0086
40.7317,-74.0064
40.7065,-74.0168
40.7144,-73.9656
40.8013,-73.948
40.7631,-73.9698
40.7785,-73.9563
40.7564,-73.9838
40.7654,-73.9613
40.7191,-73.9831
40.7214,-73.9976
40.6415,-73.7881
40.776,-73.9814
40.7586,-73.9687
40.717,-74.0026
40.7263,-73.9935
40.7219,-73.9874
40.6966,-73.9971
40.7298,-74.0042
40.7518,-73.993
40.7455,-74.003
40.7882,-73.9746
40.7702,-73.9616
40.774,-73.8723
40.7402,-73.9886
40.7371,-73.9929
40.7283,-73.9847
40.6924,-73.9912
40.7409,-73.9802
40.6912,-73.995
40.7201,-73.9841
40.7442,-74.0067
40.8086,-73.9663
40.7406,-73.9945
40.7181,-73.9846
40.7673,-73.9548
40.7699,-73.9843
40.6812,-73.9743
40.7522,-74.0051
40.7172,-73.9889
40.7176,-73.9905
40.7631,-73.9747
40.7647,-73.977
40.7534,-73.9793
40.7549,-73.9779
40.7212,-73.9936
40.7633,-73.9722
40.7271,-73.9916
40.7595,-73.9855
40.7395,-74.004
40.732,-73.9965
40.7103,-74.0126
40.7787,-73.9477
40.7652,-73.9675
40.7495,-73.9918
40.7446,-73.9802
40.738,-73.985
40.7403,-74.0053
40.7518,-73.9822
40.7627,-73.9784
40.7325,-73.9969
40.7092,-73.9685
40.7325,-73.9894
40.7264,-74.0056
40.7824,-73.9805
40.7329,-73.9901
40.724,-73.982
40.7452,-73.9848
40.7409,-73.9975
40.7328,-73.9913
40.7567,-73.9983
40.7313,-73.9941
40.7759,-73.9442
40.6831,-73.9811
40.7607,-73.9607
40.7407,-74.0044
40.7538,-73.996
40.7149,-73.998
40.7512,-74.0066
40.742,-74.004
40.7564,-73.9704
40.7721,-73.9589
40.7543,-73.9878
40.7381,-73.9909
40.7578,-73.9852
40.7171,-73.9945
40.7151,-74.0099
40.7465,-73.99
40.7618,-73.9685
40.745,-73.9842
40.7254,-73.9959
40.7809,-73.9545
40.9038,-73.813
40.7124,-74.0086
40.7675,-73.9807
40.7441,-73.9721
40.7348,-74.0038
40.7074,-74.0078
40.7643,-73.9958
40.7168,-74.0145
40.7375,-73.9932
40.7246,-73.9986
40.5755,-74.0033
40.7128,-74.0096
40.6893,-73.9681
40.81,-73.8036
40.7458,-73.9937
40.7466,-73.988
40.7096,-74.0129
40.7534,-73.9889
40.7642,-73.9809
40.7743,-73.9453
40.7404,-74.0063
40.7561,-73.985
40.7618,-74.0008
40.7663,-73.987
40.7651,-73.955
40.7563,-73.9852
40.7566,-73.9981
40.7447,-73.981
40.7202,-73.997
40.7217,-73.9976
40.7526,-73.9886
40.7477,-73.9828
40.7126,-74.0094
40.7478,-73.9767
40.7023,-74.0128
40.7433,-73.9845
40.7324,-74.0017
40.7266,-73.994
40.7582,-73.9817
40.7368,-74.0046
40.7454,-73.9719
40.7376,-74.0088
40.7613,-73.9978
40.7604,-73.9992
40.6728,-73.99
40.6949,-74.1781
40.7275,-73.9951
40.71,-74.0123
40.7876,-73.9689
40.7231,-73.989
40.7275,-73.9795
40.774,-73.8716
40.7674,-73.953
40.6465,-73.7773
40.7159,-74.0153
40.7268,-73.9428
40.7511,-73.9695
40.757,-73.9889
40.7556,-73.9818
40.725,-73.9948
40.7273,-74.0017
40.7441,-73.9881
40.7336,-73.9921
40.7211,-73.9564
40.7323,-74.0077
40.7196,-74.0103
40.7676,-73.9654
40.736,-74.0295
40.7041,-74.012
40.7272,-74.0061
40.7348,-74.0095
40.7031,-73.986
40.7702,-73.9637
40.7654,-73.9758
40.7576,-73.9769
40.7095,-74.0105
40.771,-73.866
40.7386,-73.9856
40.6699,-73.9832
40.7671,-73.9168
40.7226,-73.9768
40.7583,-73.9729
40.6711,-73.9592
40.7072,-74.0045
40.7429,-73.9925
40.7503,-73.9811
40.6763,-73.8616
40.7448,-73.9889
40.6655,-73.9523
40.7381,-73.988
40.7434,-74.0073
40.7053,-74.0172
40.6421,-73.7889
40.7509,-73.9714
40.7548,-73.9799
40.7639,-73.9763
40.6999,-74.069
40.7445,-74.0067
40.7754,-73.9597
40.7347,-73.9843
40.7642,-73.9824
40.742,-74.0077
40.7445,-73.9832
40.7413,-73.9931
40.7213,-73.9956
40.7868,-73.9565
40.6758,-73.9718
40.7504,-73.9946
40.7584,-73.9862
40.734,-73.9774
40.7163,-73.9488
40.7351,-74.0064
40.737,-73.9905
40.6448,-73.7825
40.7375,-73.9895
40.7214,-73.9996
40.742,-74.0002
40.7387,-74.0056
40.7746,-73.9603
40.7636,-73.9725
40.7803,-73.9844
40.727,-74.0041
40.7467,-74.0019
40.7245,-73.9916
40.7111,-74.0056
40.7411,-74.0055
40.7273,-74.0055
40.8275,-73.9442
40.9583,-73.7645
40.7588,-73.9739
40.6853,-73.9803
40.7289,-74.0025
40.7463,-73.9931
40.6948,-73.9643
40.7203,-73.9921
40.7285,-74.0048
40.7171,-74.0142
40.7685,-73.982
40.7513,-73.9804
40.7901,-73.9769
40.7609,-73.978
40.7777,-73.9593
40.7639,-73.967
40.757,-73.982
40.7646,-73.9707
40.7463,-73.9944
40.7717,-73.9655
40.8092,-73.9519
40.7282,-74.0053
40.6702,-73.9724
40.7592,-73.9946
40.7395,-73.9877
40.7111,-74.0057
40.7198,-73.9782
40.7305,-74.0
40.739,-73.9877
40.7152,-74.0104
40.6649,-73.9612
40.7075,-73.9294
40.763,-73.9658
40.6483,-73.7828
40.7267,-73.9924
40.7433,-73.9836
40.7532,-73.9778
40.7569,-73.9675
40.7453,-73.9713
40.7222,-74.0039
40.7555,-73.9762
40.724,-74.0033
40.753,-73.9837
40.7402,-73.9923
40.7286,-73.9859
40.7629,-73.9793
40.7572,-73.999
40.7484,-73.9891
40.7404,-74.0061
40.6981,-73.9928
40.718,-74.003
40.7475,-74.0022
40.7466,-73.9775
40.7435,-74.0073
40.7325,-73.9901
40.7364,-73.9774
40.7824,-73.9585
40.7278,-74.0015
40.7592,-73.9787
40.6951,-74.1783
40.8038,-73.95
40.7375,-73.9842
40.7643,-73.9737
40.7674,-73.9861
40.7412,-74.0529
40.757,-73.974
40.645,-73.782
40.6735,-73.9514
40.7639,-73.9755
40.7635,-73.9891
40.735,-73.6619
40.7332,-73.9891
40.7254,-74.0038
40.7515,-73.9941
40.7168,-73.9621
40.7526,-73.9778
40.7446,-73.9772
40.7219,-74.0041
40.7378,-74.0046
40.7328,-73.9883
40.7454,-73.9825
40.7761,-73.9555
40.7498,-74.1642
40.7487,-73.9899
40.7367,-73.9969
40.727,-73.9802
40.7513,-74.0029
40.6886,-73.9871
40.7102,-74.01
40.7451,-74.0075
40.756,-73.9727
40.7506,-74.0033
40.7156,-74.0165
40.7603,-73.9814
40.7477,-74.004
40.7573,-73.9829
40.7439,-73.9855
40.7394,-73.9903
40.7505,-73.9743
40.728,-73.9992
40.7533,-73.981
40.6757,-74.0149
40.7495,-73.9754
40.8336,-73.9388
40.6838,-73.9196
40.7566,-73.9905
40.7592,-73.9943
40.775,-73.9886
40.7141,-73.9548
40.8023,-73.9432
40.7191,-74.0041
40.7218,-73.9973
40.7696,-73.9809
40.7689,-73.9646
40.7722,-73.9499
40.7426,-73.9843
40.718,-74.0422
40.7159,-73.9964
40.7384,-74.0055
40.7043,-73.9444
40.7309,-73.9913
40.7575,-73.9777
40.7456,-73.9836
40.7441,-74.0031
40.7336,-74.002
40.7272,-74.1522
40.7641,-73.9789
40.7612,-73.9756
40.7312,-74.0083
40.7312,-73.9994
40.7483,-73.9863
40.7476,-73.9891
40.7397,-73.9907
40.774,-73.8716
40.6466,-73.7895
40.7397,-73.9951
40.786,-73.9706
40.7654,-73.9738
40.783,-73.958
40.7679,-73.9956
40.7484,-73.9927
40.7555,-73.9947
40.6724,-73.972
40.7371,-74.0082
40.6674,-73.9827
40.6769,-73.9503
40.7493,-73.9825
40.7476,-74.0081
40.7262,-73.9933
40.783,-73.9509
40.7599,-73.9817
40.7229,-73.9931
40.7758,-73.9623
40.692,-73.9882
40.7538,-73.9876
40.747,-73.983
40.7325,-73.9992
40.7209,-73.9568
40.7607,-73.9803
40.76,-73.9957
40.7789,-73.9823
40.7579,-73.9671
40.7706,-73.9547
40.7685,-73.9696
40.7148,-74.0162
40.727,-73.9915
40.7167,-73.9893
40.6522,-74.2837
40.7389,-74.0052
40.7571,-73.978
40.7475,-73.9852
40.7628,-73.9718
40.7447,-73.9969
40.7778,-73.9889
40.7477,-73.9825
40.7479,-73.9882
40.7258,-74.0057
40.7497,-73.9716
40.7239,-73.9924
40.692,-74.1812
40.7214,-73.9955
40.7899,-73.9762
40.7684,-73.8623
40.7555,-73.9765
40.7176,-74.009
40.7559,-73.9859
40.7776,-73.9591
40.7675,-73.9867
40.7675,-73.9245
40.7691,-73.9831
40.7449,-73.9888
40.7376,-74.0092
40.7239,-74.0034
40.6293,-74.0038
40.7592,-73.9792
40.763,-73.9663
40.7137,-74.0089
40.7219,-73.9874
40.7029,-73.9266
40.7211,-73.9792
40.751,-74.0042
40.7369,-73.9781
40.7254,-73.9315
40.7638,-73.9925
40.6925,-73.9863
40.672,-74.0105
40.7563,-73.9979
40.7338,-73.9923
40.7287,-74.0078
40.6687,-73.9852
40.7101,-74.0121
40.7626,-73.9792
40.7056,-73.9376
40.7636,-73.9777
40.7218,-73.992
40.7242,-74.0002
40.7542,-73.9846
40.7841,-73.9739
40.7309,-74.0104
40.7518,-73.9761
40.7496,-73.9794
40.7196,-73.9977
40.7112,-73.9659
40.7721,-73.9599
40.7608,-73.9755
40.7665,-73.9673
40.7449,-73.9871
40.6958,-73.9952
40.6917,-73.9844
40.7451,-73.9891
40.6706,-73.9578
40.712,-73.9629
40.7405,-73.9861
40.7678,-73.9821
40.7512,-74.0067
40.7643,-73.9809
40.7306,-74.0098
40.7316,-73.9903
40.7499,-74.0055
40.745,-73.9757
40.7209,-73.9957
40.7293,-73.9917
40.7348,-73.9987
40.7654,-73.9764
40.7644,-73.9718
40.7246,-73.989
40.776,-73.9615
40.6772,-73.9863
40.7657,-73.9846
40.7327,-73.9576
40.7532,-73.9775
40.705,-74.012
40.6719,-73.9592
40.7261,-73.9471
40.7437,-73.9927
40.7498,-73.9493
40.7686,-73.9819
40.691,-73.9946
40.784,-73.9783
40.7449,-73.983
40.7613,-73.987
40.7679,-73.9914
40.7424,-74.0066
40.7453,-73.9715
40.751,-74.0043
40.7711,-73.8666
40.7568,-73.9864
40.7583,-73.9769
40.6485,-73.7837
40.7785,-73.9458
40.75,-73.9823
40.8023,-73.9569
40.7214,-74.0012
40.7305,-74.0043
40.7224,-74.0097
40.7664,-73.9684
40.7385,-74.0065
40.7552,-73.9754
40.7424,-73.9929
40.7519,-73.9826
40.7537,-73.9816
40.7151,-74.0094
40.7654,-73.9548
40.7685,-73.8624
40.6895,-73.9543
40.7531,-73.98
40.7323,-73.9963
40.6882,-73.9476
40.7815,-73.9795
40.7104,-73.9846
40.7478,-74.0044
40.7601,-73.9672
40.7596,-73.972
40.7179,-74.0021
40.7145,-74.0103
40.672,-74.0108
40.7265,-74.0057
40.6829,-73.9738
40.7593,-73.9767
40.7284,-74.0032
40.7243,-73.9959
40.7279,-73.991
40.7344,-74.0023
40.724,-73.998
40.7204,-73.9844
40.7648,-73.9168
40.723,-73.9988
40.6974,-73.9958
40.7201,-73.9883
40.7551,-73.9733
40.7412,-73.9785
40.7522,-73.9717
40.7322,-74.0077
40.7848,-73.9791
40.7866,-73.9726
40.7458,-73.9939
40.7106,-74.0059
40.775,-73.9878
40.7684,-73.8625
40.7491,-73.9765
40.7916,-73.9782
40.6899,-73.9647
40.7308,-73.9923
40.7327,-74.0088
40.7477,-73.9936
40.7532,-73.9872
40.7509,-73.9863
40.7742,-73.8726
40.6363,-73.9654
40.752,-73.9774
40.7371,-74.0014
40.7185,-73.8352
40.7466,-74.0075
40.7166,-73.9612
40.7732,-73.8856
40.7492,-74.0031
40.7263,-74.002
40.74,-74.006
40.74,-74.0028
40.7601,-73.9848
40.7605,-73.9749
40.7533,-73.9774
40.7594,-73.9697
40.7633,-73.9789
40.6921,-73.9842
40.7142,-73.9881
40.725,-73.9971
40.6974,-73.9158
40.8862,-73.9058
40.7582,-73.986
40.7225,-74.0013
40.77,-73.9569
40.7987,-73.9707
40.7099,-74.0071
40.7437,-73.988
40.6912,-73.9973
40.7718,-73.9595
40.7456,-73.9946
40.769,-73.9339
40.7524,-73.9675
40.7634,-73.9828
40.7405,-73.9922
40.7286,-73.991
40.7345,-73.9919
40.7446,-73.9756
40.7248,-74.0025
40.7644,-73.9752
40.7609,-73.9751
40.7685,-73.8626
40.747,-73.9966
40.7685,-73.8625
40.756,-73.9727
40.7307,-73.9923
40.6751,-73.975
40.6666,-73.9977
40.7613,-73.9831
40.7337,-73.9929
40.7308,-73.993
40.7889,-73.9537
40.7468,-73.9857
40.7219,-74.002
40.714,-73.9975
40.7465,-74.0075
40.7491,-73.9844
40.7204,-73.9633
40.72,-73.9612
40.7495,-73.9925
40.7127,-74.0077
40.7406,-74.0084
40.7647,-73.976
40.7211,-73.9957
40.7637,-73.976
40.7633,-73.9794
40.7413,-73.9984
40.7728,-73.9618
40.7177,-73.9895
40.7071,-74.009
40.7496,-73.9833
40.7549,-73.9812
40.7364,-74.0013
40.7588,-73.9935
40.739,-74.0396
40.6906,-74.1781
40.7795,-73.9536
40.7424,-74.0011
40.6744,-73.9752
40.7027,-74.013
40.7479,-73.9736
40.7061,-74.0081
40.7344,-74.0025
40.7192,-73.9614
40.7316,-73.9825
40.7223,-74.0098
40.6824,-73.9667
40.7555,-73.9758
40.7542,-73.9995
40.7692,-73.9829
40.7659,-73.9677
40.7537,-73.9891
40.7349,-74.006
40.7596,-73.9894
40.7446,-73.9813
40.7504,-73.9947
40.746,-73.9789
40.7407,-74.0046
40.7168,-74.0123
40.7484,-74.0059
40.7685,-73.8625
40.7613,-73.968
40.7129,-73.9676
40.7643,-73.9987
40.7661,-73.955
40.7286,-73.9842
40.7947,-73.9641
40.7775,-73.9771
40.7732,-73.9622
40.7172,-73.9598
40.7452,-73.9866
40.7826,-73.973
40.6759,-73.9532
40.7386,-73.9977
40.7112,-73.9483
40.7774,-73.9785
40.718,-73.9921
40.7766,-73.9466
40.7131,-74.0094
40.7473,-73.9899
40.7365,-73.9797
40.7224,-73.9971
40.7269,-74.003
40.7285,-73.959
40.7024,-73.9914
40.7228,-73.9983
40.7298,-73.9785
40.7888,-73.9777
40.7881,-73.9759
40.7441,-73.9919
40.7084,-74.0148
40.7658,-73.976
40.7546,-73.9779
40.7579,-73.9866
40.7163,-74.0077
40.7326,-74.0089
40.7214,-74.0052
40.7652,-73.9877
40.7521,-73.9933
40.7513,-73.9941
40.7889,-73.98
40.7347,-73.9926
40.7556,-73.9761
40.7257,-73.9965
40.7582,-73.9841
40.7656,-73.9782
40.7335,-73.9761
40.7542,-73.9804
40.7579,-73.9869
40.7633,-73.9784
40.7385,-73.9899
40.7506,-73.9809
40.7246,-74.0091
40.8058,-73.9543
40.7563,-73.998
40.6771,-73.9758
40.7894,-73.9751
40.7626,-73.9908
40.7444,-73.9886
40.7195,-74.0084
40.7394,-74.006
40.7662,-73.9549
40.7555,-73.9824
40.7232,-73.9891
40.645,-73.7821
40.7621,-73.9645
40.7208,-74.0042
40.7168,-74.0092
40.7368,-73.9847
40.7649,-73.9743
40.7653,-73.9877
40.7488,-73.9959
40.765,-73.9619
40.7258,-74.009
40.7505,-73.9854
40.7587,-73.9611
40.7415,-73.9989
40.754,-73.9885
40.7149,-74.016
40.7393,-74.0064
40.7439,-73.9913
40.7595,-73.9697
40.7648,-73.9735
40.7757,-73.9602
40.769,-73.9597
40.7339,-73.9772
40.7018,-73.9516
40.7518,-73.9886
40.7456,-73.9877
40.7487,-73.9772
40.7385,-74.0393
40.7532,-73.989
40.7662,-73.9693
40.6909,-73.9595
40.7788,-73.951
40.7396,-73.9828
40.6772,-73.9574
40.7387,-73.9979
40.7931,-73.9674
40.7758,-73.9844
40.725,-73.9969
40.7617,-73.9726
40.7321,-74.0018
40.7607,-73.99
40.7355,-73.9748
40.7246,-73.9975
40.734,-73.9811
40.7564,-73.9782
40.7697,-73.9808
40.7217,-73.9998
40.7612,-73.9775
40.7457,-73.9847
40.7624,-73.9744
40.7312,-73.9939
40.7178,-73.9624
40.7543,-73.9733
40.755,-73.6304
40.7282,-74.0
40.7407,-74.0052
40.753,-73.9857
40.7697,-73.9508
40.7553,-73.9734
40.7286,-74.0001
40.7641,-73.9669
40.7326,-73.9815
40.7708,-73.9551
40.7505,-73.9787
40.7452,-73.9924
40.7881,-73.9756
40.7639,-73.9941
40.7868,-73.9684
40.7673,-73.9898
40.6726,-73.9252
40.7446,-73.981
40.7743,-73.9636
40.7169,-74.0064
40.746,-73.5747
40.7786,-73.9536
40.7279,-73.9947
40.7727,-73.9647
40.7549,-73.9735
40.7448,-73.9495
40.7624,-73.9883
40.6651,-73.6202
40.6449,-73.7821
40.7214,-74.0018
40.6933,-73.9887
40.7578,-73.9756
40.7195,-74.0086
40.7204,-74.0058
40.6438,-73.7897
40.6945,-73.9836
40.6878,-74.1818
40.7554,-73.9795
40.7111,-74.0055
40.7193,-74.0087
40.733,-73.9796
40.72,-73.9881
40.7475,-74.0366
40.7289,-74.0053
40.7198,-74.0113
40.7379,-73.9922
40.7541,-73.9979
40.6464,-73.7904
40.7072,-74.0166
40.7824,-73.9506
40.7611,-73.9799
40.7647,-73.9702
40.7529,-73.9711
40.7708,-73.9633
40.7026,-74.0122
40.7611,-74.0187
40.7406,-74.0055
40.7687,-73.9613
40.7226,-73.997
40.7627,-73.9654
40.6809,-73.9751
40.7458,-73.9019
40.783,-73.9551
40.7499,-74.0025
40.7431,-73.9922
40.7316,-73.9967
40.7613,-73.9668
40.7546,-73.9718
40.7188,-73.9637
40.7202,-73.9919
40.7257,-73.9972
40.8214,-73.9384
40.7503,-73.9739
40.7077,-74.007
40.74,-74.0023
40.7517,-74.0078
40.7254,-73.9575
40.7518,-73.9821
40.7347,-74.003
40.7603,-73.9656
40.7548,-73.9801
40.7634,-73.9754
40.7275,-74.0057
40.7396,-73.989
40.7386,-73.9978
40.7072,-74.0046
40.7056,-74.0053
40.744,-74.0069
40.7468,-73.99
40.745,-73.9988
40.7503,-73.9868
40.7383,-73.9835
40.7156,-74.005
40.7395,-73.9911
40.6449,-73.7823
40.7616,-73.9766
40.7934,-73.9733
40.6704,-73.8917
40.7626,-73.9769
40.7275,-73.9934
40.7595,-73.962
40.7895,-73.9797
40.7079,-74.0084
40.7275,-73.983
40.7709,-73.8659
40.6466,-73.7892
40.7328,-73.984
40.7187,-74.0067
40.7384,-73.9894
40.7211,-73.9555
40.7386,-73.9977
40.7221,-73.9889
40.7538,-73.996
40.7149,-73.9901
40.7518,-73.9737
40.7694,-73.965
40.748,-74.032
40.671,-73.9865
40.7152,-74.0093
40.7724,-73.9669
40.7214,-74.0085
40.7633,-73.972
40.6458,-73.7767
40.664,-73.9416
40.7524,-73.9817
40.7478,-74.0045
40.7461,-73.9942
40.7452,-73.986
40.6958,-73.9956
40.7249,-74.0078
40.5917,-73.9948
40.7691,-73.8865
40.7272,-74.0062
40.7194,-74.0103
40.7641,-73.9767
40.6129,-74.0248
40.7252,-74.0077
40.7639,-73.9294
40.7504,-73.9721
40.7664,-73.9783
40.7096,-73.965
40.7189,-74.0109
40.7508,-73.9871
40.7402,-74.0059
40.7594,-73.9871
40.6483,-73.7827
40.7445,-73.9729
40.7589,-73.9725
40.7098,-74.002
40.7792,-73.9621
40.7397,-74.0065
40.7201,-74.0026
40.7436,-73.9838
40.7854,-73.9776
40.7635,-73.9595
40.7476,-74.0041
40.7359,-74.0007
40.7935,-73.9668
40.7376,-73.9811
40.7529,-73.9952
40.764,-73.9736
40.7729,-73.9583
40.7394,-74.0275
40.6858,-73.9943
40.714,-73.9899
40.7704,-73.9597
40.764,-73.9558
40.705,-74.0163
40.752,-73.9891
40.7268,-73.9857
40.7725,-73.9532
40.7622,-73.9787
40.7459,-73.9881
40.7322,-73.9925
40.7554,-73.9714
40.753,-73.9749
40.7662,-73.962
40.7248,-73.9925
40.7753,-73.9904
40.6883,-73.9894
40.7499,-73.9763
40.7201,-73.9874
40.7491,-73.9733
40.7678,-73.9683
40.81,-73.9608
40.7239,-74.0006
40.7827,-73.9771
40.7569,-73.9742
40.7445,-74.0065
40.8416,-73.9427
40.7715,-73.9808
40.7637,-73.9649
40.7417,-74.0048
40.7204,-73.9427
40.6448,-73.9993
40.7692,-73.9828
40.7323,-73.9949
40.7779,-73.9539
40.7259,-73.9837
40.7364,-73.9362
40.6631,-73.9841
40.7706,-73.9642
40.7571,-73.9854
40.7657,-73.9559
40.7648,-73.974
40.7262,-73.9982
40.7223,-74.0114
40.7342,-73.9898
40.7432,-73.9848
40.7581,-73.9892
40.7386,-73.9938
40.765,-73.9728
40.7636,-73.9638
40.7186,-73.9977
40.7036,-73.9865
40.7638,-73.9709
40.7214,-74.0097
40.7525,-73.9814
40.7555,-73.9865
40.7863,-73.9774
40.7422,-74.0045
40.7568,-73.9844
40.7631,-73.99
40.7599,-73.9786
40.7789,-73.9873
40.6901,-73.9651
40.6448,-73.7822
40.7345,-73.9859
40.749,-74.003
40.7321,-73.9885
40.7403,-73.9922
40.7427,-73.9945
40.7645,-73.9706
40.7304,-74.0046
40.7527,-73.9659
40.7536,-73.9886
40.7216,-74.0009
40.7288,-74.0052
40.733,-74.0075
40.7356,-73.9925
40.7514,-73.994
40.7029,-73.9811
40.7165,-74.0092
40.748,-73.9735
40.7349,-74.0078
40.7863,-73.9506
40.7559,-73.9834
40.7353,-73.9857
40.7906,-73.9748
40.7666,-73.9539
40.7267,-73.9963
40.7031,-73.986
40.7383,-73.992
40.7644,-73.9733
40.7139,-74.0147
40.7375,-74.0052
40.7414,-73.9914
40.7717,-73.9811
40.7806,-73.9872
40.7785,-73.9474
40.7672,-73.9668
40.7748,-73.9585
40.7822,-73.9536
40.737,-73.9914
40.7916,-73.9784
40.7203,-73.9919
40.7531,-73.9854
40.7553,-73.9758
40.7113,-74.0057
40.755,-73.9754
40.7187,-73.9926
40.7818,-73.959
40.7471,-73.9005
40.731,-73.9905
40.7312,-73.9911
40.6825,-73.9707
40.7059,-74.0076
40.7449,-74.0063
40.7535,-73.9788
40.7567,-73.9846
40.7598,-73.9669
40.7675,-73.9806
40.737,-74.0037
40.78,-73.9815
40.7651,-73.9916
40.7376,-74.0034
40.7584,-73.9867
40.7739,-73.8723
40.7261,-73.9918
40.7224,-74.0115
40.7143,-74.0026
40.7643,-73.9576
40.7684,-73.9586
40.6867,-73.9906
40.7326,-73.9913
40.7734,-73.9624
40.7296,-73.981
40.7751,-73.9833
40.7298,-74.0031
40.732,-73.9998
40.7708,-73.9827
40.6488,-73.9608
40.7311,-74.0087
40.7193,-74.0052
40.7651,-73.9877
40.8262,-73.944
40.7126,-73.9385
40.7638,-73.9545
40.7405,-74.0078
40.7563,-73.9731
40.7216,-73.9994
40.7303,-73.9936
40.7542,-73.9687
40.8006,-73.9681
40.7229,-74.0047
40.758,-73.9754
40.7724,-73.7887
40.7543,-73.9866
40.6458,-73.8809
40.7692,-73.9811
40.7002,-73.9504
40.7546,-73.9696
40.7567,-73.9983
40.7135,-73.9348
40.6199,-74.025
40.719,-73.9994
40.7678,-73.9914
40.7553,-73.9707
40.7395,-73.9941
40.7668,-73.9543
40.7273,-73.9796
40.7572,-73.972
40.7245,-74.0019
40.7551,-73.9872
40.7672,-73.9819
40.6689,-73.9865
40.7471,-73.9909
40.7483,-73.9846
40.7568,-73.9787
40.7276,-74.0027
40.7541,-73.9891
40.7424,-73.9861
40.6982,-73.9944
40.7187,-73.989
40.6821,-73.9274
40.7706,-73.9571
40.7302,-73.9755
40.7834,-73.9744
40.707,-74.0048
40.6932,-73.9486
40.7913,-73.9756
40.7746,-73.9521
40.6785,-73.9552
40.723,-73.9968
40.7882,-73.9761
40.8067,-73.9648
40.7521,-73.9857
40.7568,-73.9826
40.7113,-73.9478
40.7203,-74.0086
40.7219,-73.9811
40.7729,-73.9626
40.742,-74.001
40.7191,-73.9906
40.7046,-74.0102
40.7652,-73.9751
40.7231,-74.0026
40.7454,-73.9804
40.7367,-74.0067
40.7701,-73.9615
40.7402,-74.0057
40.6795,-73.9605
40.7622,-73.9745
40.7253,-74.0427
40.719,-73.9881
40.7261,-74.0097
40.7343,-73.9909
40.7676,-73.9648
40.7374,-73.9884
40.7303,-74.0078
40.7588,-73.9303
40.7623,-73.9744
40.6742,-73.9661
40.74,-73.9991
40.6451,-73.7809
40.7506,-74.0033
40.7406,-74.0077
40.7047,-74.0097
40.7578,-73.9741
40.7438,-73.9891
40.7658,-73.9821
40.7305,-73.9891
40.7261,-74.0091
40.7178,-73.9929
40.7376,-74.0039
40.762,-73.9784
40.7335,-74.0082
40.7489,-73.9396
40.7225,-74.0003
40.6449,-73.7823
40.773,-73.8855
40.7106,-74.0049
40.7813,-73.9513
40.755,-74.0022
40.672,-73.9641
40.7496,-73.9879
40.7422,-73.9902
40.7853,-73.9536
40.7411,-74.0078
40.6951,-74.1782
40.748,-73.9881
40.7439,-73.9921
40.7526,-73.9964
40.7667,-73.9668
40.7275,-74.0055
40.7554,-73.9812
40.7199,-73.9987
40.7563,-73.9746
40.7329,-74.0039
40.7336,-74.1731
40.7413,-73.9948
40.745,-73.8928
40.7503,-73.9791
40.7819,-73.9572
40.7651,-73.9555
40.7467,-73.944
40.7656,-73.9794
40.7627,-73.9636
40.745,-73.9888
40.7751,-73.9608
40.7341,-73.9948
40.7265,-73.9916
40.7436,-73.9848
40.7201,-73.9569
40.7813,-73.9598
40.7886,-73.9669
40.7454,-73.9988
40.7338,-74.0013
40.7244,-73.9471
40.7211,-73.9993
40.7779,-73.9539
40.72,-74.0086
40.723,-74.0096
40.7906,-73.9766
40.7561,-73.979
40.7517,-73.9855
40.7518,-73.9809
40.7534,-73.9872
40.7647,-73.9764
40.7468,-73.9772
40.7664,-73.9783
40.7623,-73.9786
40.7487,-73.9773
40.7571,-73.9698
40.7433,-73.9918
40.6632,-73.8855
40.7341,-74.0
40.7696,-73.995
40.7079,-74.006
40.765,-73.9683
40.7289,-73.9981
40.7084,-74.0052
